strain	date	collection_date	pedv_genotype	clade_membership
PP395570.1	2020-03-08	2020-03-08	G1a	G1a
JQ638921.1	2011	2011	G1a	G1a
JX018180.1	2012	2012	G1a	G1a
KM887144.1	2013	2013	G1a	G1a
KU664503.1	2013-11-14	2013-11-14	G1a	G1a
PV167807.1	2024-09-22	2024-09-22	G1b	G1b
PV167804.1	2024-09-22	2024-09-22	G1b	G1b
PV167803.1	2024-09-22	2024-09-22	G1b	G1b
PV167805.1	2024-09-22	2024-09-22	G1b	G1b
PP395576.1	2021-01-08	2021-01-08	G1b	G1b
KX534206.1	2015-01-05	2015-01-05	G1b	G1b
KT323979.1	1998	1998	G1b	G1b
JN599150.1	1994	1994	G1b	G1b
PV232221.1	2024	2024	G1b	G1b
KP162057.1	2014-03-15	2014-03-15	G1b	G1b
OP688373.1	2018	2018	G1b	G1b
JQ638924.1	2011	2011	G1b	G1b
KC210146.1	2008	2008	G1b	G1b
KR514324.1	2014-12-14	2014-12-14	G1b	G1b
OM814174.1	2019-07-04	2019-07-04	G1b	G1b
MT031818.1	2018-12-05	2018-12-05	G1b	G1b
MZ596343.1	2019-10	2019-10	G1b	G1b
MG820029.1	2015	2015	G1b	G1b
OQ731917.1	2022-03-25	2022-03-25	G1b	G1b
PX439079.1	2024	2024	G1b	G1b
MN315264.1	2018-09-30	2018-09-30	G1b	G1b
MT843279.1	2013-02	2013-02	G1b	G1b
JQ239432.1	2011	2011	G1b	G1b
MG334006.1	2016-12	2016-12	S-INDEL	S-INDEL
JQ979290.1	2011-07	2011-07	S-INDEL	S-INDEL
JX242464.1	2011-12	2011-12	S-INDEL	S-INDEL
JQ239434.1	2011	2011	S-INDEL	S-INDEL
JQ979287.1	2011-09	2011-09	S-INDEL	S-INDEL
KP698760.1	2013	2013	S-INDEL	S-INDEL
KP698759.1	2013	2013	S-INDEL	S-INDEL
KP698761.2	2013	2013	S-INDEL	S-INDEL
KP870120.1	2013-01	2013-01	S-INDEL	S-INDEL
KP399615.1	2013-02	2013-02	S-INDEL	S-INDEL
KP399614.1	2013-03	2013-03	S-INDEL	S-INDEL
KP870118.1	2012-12	2012-12	S-INDEL	S-INDEL
KP870123.1	2013-03	2013-03	S-INDEL	S-INDEL
KU133267.1	2012-04-03	2012-04-03	S-INDEL	S-INDEL
KR296673.1	2014-12	2014-12	S-INDEL	S-INDEL
KX883635.1	2014	2014	S-INDEL	S-INDEL
KT428878.1	2014-04	2014-04	S-INDEL	S-INDEL
KP870132.1	2014-01	2014-01	S-INDEL	S-INDEL
MG198665.1	2014-04	2014-04	S-INDEL	S-INDEL
KY381581.1	2015-02-14	2015-02-14	S-INDEL	S-INDEL
MG198641.1	2015-11	2015-11	S-INDEL	S-INDEL
MG198664.1	2015-05	2015-05	S-INDEL	S-INDEL
MG198655.1	2015-02	2015-02	S-INDEL	S-INDEL
MG706122.1	2017-02-18	2017-02-18	S-INDEL	S-INDEL
PV536091.1	2022-03-09	2022-03-09	S-INDEL	S-INDEL
MH061336.1	2017-01-05	2017-01-05	S-INDEL	S-INDEL
MN893414.1	2018-01-01	2018-01-01	S-INDEL	S-INDEL
MN893415.1	2018-01-01	2018-01-01	S-INDEL	S-INDEL
OR085235.1	2022-02-20	2022-02-20	S-INDEL	S-INDEL
OR085236.1	2022-02-20	2022-02-20	S-INDEL	S-INDEL
OR085237.1	2022-02-20	2022-02-20	S-INDEL	S-INDEL
MG198645.1	2015-02	2015-02	S-INDEL	S-INDEL
MN893409.1	2017-11-01	2017-11-01	S-INDEL	S-INDEL
PP395594.1	2022-12-25	2022-12-25	S-INDEL	S-INDEL
KU133258.1	2014-03-06	2014-03-06	S-INDEL	S-INDEL
KT388414.1	2015-03-15	2015-03-15	S-INDEL	S-INDEL
KP698769.1	2014	2014	S-INDEL	S-INDEL
KY775053.1	2016-10	2016-10	S-INDEL	S-INDEL
KU847996.1	2015-07-26	2015-07-26	S-INDEL	S-INDEL
KP870125.1	2013-01	2013-01	S-INDEL	S-INDEL
KP870131.1	2014-01	2014-01	S-INDEL	S-INDEL
OR195035.1	2022	2022	S-INDEL	S-INDEL
PP923945.1	2021-12	2021-12	S-INDEL	S-INDEL
PP923946.1	2022-03	2022-03	S-INDEL	S-INDEL
MK140813.1	2018	2018	S-INDEL	S-INDEL
MH593896.1	2018-03-15	2018-03-15	S-INDEL	S-INDEL
MK140811.1	2018	2018	S-INDEL	S-INDEL
MH593891.1	2018-02-06	2018-02-06	S-INDEL	S-INDEL
MK140812.1	2018	2018	S-INDEL	S-INDEL
MH593138.1	2017-01-06	2017-01-06	S-INDEL	S-INDEL
MH593152.1	2018-06-23	2018-06-23	S-INDEL	S-INDEL
MH593148.1	2018-06-01	2018-06-01	S-INDEL	S-INDEL
MK820042.1	2019-03	2019-03	S-INDEL	S-INDEL
MH061343.1	2018-01-29	2018-01-29	S-INDEL	S-INDEL
MH061338.1	2017-09-09	2017-09-09	S-INDEL	S-INDEL
PX229702.1	2021	2021	S-INDEL	S-INDEL
PQ507874.1	2023	2023	S-INDEL	S-INDEL
PV164720.1	2022-05-30	2022-05-30	S-INDEL	S-INDEL
PV164721.1	2022-11-04	2022-11-04	S-INDEL	S-INDEL
OP019339.1	2021-12-16	2021-12-16	S-INDEL	S-INDEL
OR808013.1	2021-03-08	2021-03-08	S-INDEL	S-INDEL
PV843394.1	2022	2022	S-INDEL	S-INDEL
OR085239.1	2022-12-01	2022-12-01	S-INDEL	S-INDEL
PV974486.1	2023-01	2023-01	S-INDEL	S-INDEL
PV843403.1	2023	2023	S-INDEL	S-INDEL
PV536074.1	2023-03-08	2023-03-08	S-INDEL	S-INDEL
PV843404.1	2023	2023	S-INDEL	S-INDEL
PV843405.1	2023	2023	S-INDEL	S-INDEL
PV843383.1	2021	2021	S-INDEL	S-INDEL
PV523939.1	2024-09	2024-09	S-INDEL	S-INDEL
OQ129480.1	2022-02-24	2022-02-24	S-INDEL	S-INDEL
PV843398.1	2022	2022	S-INDEL	S-INDEL
PV843393.1	2022	2022	S-INDEL	S-INDEL
PX229714.1	2021	2021	S-INDEL	S-INDEL
PV843385.1	2021	2021	S-INDEL	S-INDEL
PP580804.1	2023	2023	S-INDEL	S-INDEL
ON419538.1	2019	2019	S-INDEL	S-INDEL
ON419539.1	2019	2019	S-INDEL	S-INDEL
ON419534.1	2019	2019	S-INDEL	S-INDEL
OR085240.1	2022	2022	S-INDEL	S-INDEL
PV843391.1	2022	2022	S-INDEL	S-INDEL
PV843392.1	2022	2022	S-INDEL	S-INDEL
PV523940.1	2024-01	2024-01	S-INDEL	S-INDEL
PQ507873.1	2023	2023	S-INDEL	S-INDEL
PV843388.1	2022	2022	S-INDEL	S-INDEL
OP019334.1	2022-05-16	2022-05-16	S-INDEL	S-INDEL
OR085241.1	2022-02-17	2022-02-17	S-INDEL	S-INDEL
OQ269589.1	2020-04-26	2020-04-26	S-INDEL	S-INDEL
OR001824.1	2020-05-18	2020-05-18	S-INDEL	S-INDEL
OP171885.1	2018-03	2018-03	S-INDEL	S-INDEL
PP472645.1	2022-02-21	2022-02-21	S-INDEL	S-INDEL
ON248880.1	2022-02	2022-02	S-INDEL	S-INDEL
OP019353.1	2022-02-11	2022-02-11	S-INDEL	S-INDEL
OP019354.1	2022-02-11	2022-02-11	S-INDEL	S-INDEL
PV549293.1	2025	2025	S-INDEL	S-INDEL
PV843414.1	2023	2023	S-INDEL	S-INDEL
PV843401.1	2023	2023	S-INDEL	S-INDEL
PV843411.1	2023	2023	S-INDEL	S-INDEL
PV843412.1	2023	2023	S-INDEL	S-INDEL
PV843413.1	2023	2023	S-INDEL	S-INDEL
PV843410.1	2023	2023	S-INDEL	S-INDEL
PQ878525.1	2023	2023	S-INDEL	S-INDEL
PP580805.1	2023	2023	S-INDEL	S-INDEL
PQ768103.1	2022	2022	S-INDEL	S-INDEL
PV844367.1	2025-05	2025-05	S-INDEL	S-INDEL
PQ123999.1	2023-03-05	2023-03-05	S-INDEL	S-INDEL
OR808019.1	2023-04-13	2023-04-13	S-INDEL	S-INDEL
PV614331.1	2024	2024	S-INDEL	S-INDEL
PV609801.1	2024	2024	S-INDEL	S-INDEL
PV843418.1	2023	2023	S-INDEL	S-INDEL
PV843417.1	2023	2023	S-INDEL	S-INDEL
PV843396.1	2022	2022	S-INDEL	S-INDEL
PV843397.1	2022	2022	S-INDEL	S-INDEL
PV843419.1	2023	2023	S-INDEL	S-INDEL
MK138516.1	2018-03-09	2018-03-09	G2a	G2a
MN721362.1	2016-03-08	2016-03-08	G2a	G2a
MN721368.1	2014-11-08	2014-11-08	G2a	G2a
KP890336.1	2014-12	2014-12	G2a	G2a
KR095279.1	2015-01-27	2015-01-27	G2a	G2a
MN721363.1	2014-09-10	2014-09-10	G2a	G2a
MN721369.1	2016-10-30	2016-10-30	G2a	G2a
MW826597.1	2017	2017	G2a	G2a
MZ161060.1	2020-07	2020-07	G2a	G2a
MW826595.1	2017	2017	G2a	G2a
KM406181.1	2014	2014	G2a	G2a
MF152600.1	2017	2017	G2a	G2a
PV536110.1	2024-04-24	2024-04-24	G2a	G2a
PV536111.1	2024-04-24	2024-04-24	G2a	G2a
MN412563.1	2016	2016	G2a	G2a
MN412568.1	2016	2016	G2a	G2a
MN412573.1	2018	2018	G2a	G2a
MN412559.1	2018	2018	G2a	G2a
MN412558.1	2018	2018	G2a	G2a
MN412561.1	2018	2018	G2a	G2a
MN412560.1	2018	2018	G2a	G2a
MN412565.1	2018	2018	G2a	G2a
MN412566.1	2018	2018	G2a	G2a
MT090145.1	2018	2018	G2a	G2a
MH991865.1	2018-05-28	2018-05-28	G2a	G2a
KY775051.1	2016-01	2016-01	G2a	G2a
KT266578.1	2015	2015	G2a	G2a
KY496318.1	2016-03-10	2016-03-10	G2a	G2a
KY496317.1	2015-09-17	2015-09-17	G2a	G2a
MH053414.1	2017-10-26	2017-10-26	G2a	G2a
MH061342.1	2018-02-06	2018-02-06	G2a	G2a
KF546804.1	2012-07-07	2012-07-07	G2a	G2a
KF577731.1	2013-02-14	2013-02-14	G2a	G2a
KF601196.1	2013-04-18	2013-04-18	G2a	G2a
KY007139.1	2015-05-11	2015-05-11	G2a	G2a
KT989364.1	2015	2015	G2a	G2a
KT989352.1	2015	2015	G2a	G2a
KT989355.1	2015	2015	G2a	G2a
KT989361.1	2015	2015	G2a	G2a
KU237232.1	2015-04-01	2015-04-01	G2a	G2a
KP399602.1	2014-10	2014-10	G2a	G2a
KP399603.1	2014-02	2014-02	G2a	G2a
KU975409.1	2015-07-08	2015-07-08	G2a	G2a
KU237214.1	2014-08-01	2014-08-01	G2a	G2a
KU237215.1	2014-08-01	2014-08-01	G2a	G2a
KU237216.1	2014-08-01	2014-08-01	G2a	G2a
MG546689.1	2016-09	2016-09	G2a	G2a
KT989353.1	2015	2015	G2a	G2a
KT989365.1	2015	2015	G2a	G2a
MK796238.1	2018-03	2018-03	G2a	G2a
KU237228.1	2015-04-01	2015-04-01	G2a	G2a
KP698766.2	2014	2014	G2a	G2a
KP698768.2	2014	2014	G2a	G2a
KT388411.1	2014-03-20	2014-03-20	G2a	G2a
KP399606.1	2014-09	2014-09	G2a	G2a
KT388416.1	2014-12-10	2014-12-10	G2a	G2a
KP399609.1	2014-07	2014-07	G2a	G2a
KP870135.1	2014-07	2014-07	G2a	G2a
KM242131.1	2014-03	2014-03	G2a	G2a
KT388415.1	2014-12-17	2014-12-17	G2a	G2a
MH726370.1	2014-03-12	2014-03-12	G2a	G2a
KP870137.1	2014-12	2014-12	G2a	G2a
KR296675.1	2014-12	2014-12	G2a	G2a
KP870134.1	2014-06	2014-06	G2a	G2a
KR296664.1	2015-02	2015-02	G2a	G2a
KR296665.1	2014-12	2014-12	G2a	G2a
KR296674.1	2014-12	2014-12	G2a	G2a
MG198643.1	2015-03	2015-03	G2a	G2a
MG198668.1	2015-08	2015-08	G2a	G2a
MH726381.1	2015-05-06	2015-05-06	G2a	G2a
MK539948.2	2016	2016	G2a	G2a
MN114121.1	2018-03	2018-03	G2a	G2a
MH726376.1	2014-03-24	2014-03-24	G2a	G2a
KP399623.1	2013-09	2013-09	G2a	G2a
KT388419.1	2013-01-15	2013-01-15	G2a	G2a
KP870133.1	2014-06	2014-06	G2a	G2a
KR296668.1	2015-01	2015-01	G2a	G2a
MW478768.1	2018	2018	G2a	G2a
MW478771.1	2018	2018	G2a	G2a
MW478770.1	2018	2018	G2a	G2a
MW478772.1	2018	2018	G2a	G2a
MF038012.1	2016-05-04	2016-05-04	G2a	G2a
MF038013.1	2016-07-07	2016-07-07	G2a	G2a
MF038010.1	2016-05-04	2016-05-04	G2a	G2a
MF038009.1	2016-05-04	2016-05-04	G2a	G2a
MF038011.1	2016-05-04	2016-05-04	G2a	G2a
OR090885.1	2020-10	2020-10	G2a	G2a
OR090888.1	2020-12	2020-12	G2a	G2a
OR090886.1	2020-10	2020-10	G2a	G2a
OR090887.1	2020-12	2020-12	G2a	G2a
MW143093.1	2019-06	2019-06	G2a	G2a
OQ122108.1	2022-03-16	2022-03-16	G2a	G2a
OR085244.1	2023-02-20	2023-02-20	G2a	G2a
OR085284.1	2022-07-12	2022-07-12	G2a	G2a
OR085281.1	2022-07-12	2022-07-12	G2a	G2a
OR085282.1	2022-07-12	2022-07-12	G2a	G2a
MG020540.1	2016-11-17	2016-11-17	G2a	G2a
MG020548.1	2016-02-17	2016-02-17	G2a	G2a
MG020549.1	2016-02-17	2016-02-17	G2a	G2a
MG020550.1	2016-02-17	2016-02-17	G2a	G2a
PP395585.1	2022-02-27	2022-02-27	G2a	G2a
KU975422.1	2015-03-12	2015-03-12	G2a	G2a
KF601198.1	2013-04-18	2013-04-18	G2a	G2a
KT989360.1	2015	2015	G2a	G2a
KM406180.1	2014	2014	G2a	G2a
KX073608.1	2013-12	2013-12	G2a	G2a
KM406183.1	2014	2014	G2a	G2a
KJ646587.1	2013	2013	G2a	G2a
OQ349208.1	2020	2020	G2a	G2a
JQ239436.1	2011	2011	G2a	G2a
KP698755.2	2012	2012	G2a	G2a
KP698756.2	2012	2012	G2a	G2a
MH726373.1	2012-06-15	2012-06-15	G2a	G2a
KP399601.1	2014-09	2014-09	G2a	G2a
KP399610.1	2013-06	2013-06	G2a	G2a
KM406182.1	2014	2014	G2a	G2a
JX018183.1	2012	2012	G2a	G2a
KF738263.1	2012-12-29	2012-12-29	G2a	G2a
JX501320.1	2011	2011	G2a	G2a
JX501317.1	2012	2012	G2a	G2a
JQ627654.1	2011	2011	G2a	G2a
JX501319.1	2011	2011	G2a	G2a
JX018182.1	2012	2012	G2a	G2a
KU133239.1	2012-03-17	2012-03-17	G2a	G2a
MN612075.1	2018-01-30	2018-01-30	G2a	G2a
OL907256.1	2020	2020	G2a	G2a
JQ282909.1	2011-05-03	2011-05-03	G2a	G2a
MN612077.1	2018-05-30	2018-05-30	G2a	G2a
PV167810.1	2024-12-04	2024-12-04	G2a	G2a
PV167811.1	2024-12-04	2024-12-04	G2a	G2a
MN721366.1	2017-01-30	2017-01-30	G2a	G2a
MN721360.1	2015-09-23	2015-09-23	G2a	G2a
MN617863.1	2018-04-26	2018-04-26	G2a	G2a
MN612070.1	2018-06-23	2018-06-23	G2a	G2a
MN612069.1	2019-08-22	2019-08-22	G2a	G2a
MN612071.1	2018-03-25	2018-03-25	G2a	G2a
MN612076.1	2019-03-30	2019-03-30	G2a	G2a
MN721372.1	2015-05-01	2015-05-01	G2a	G2a
KR296681.1	2015-01	2015-01	G2a	G2a
KP399627.1	2013-10	2013-10	G2a	G2a
MH726367.1	2012-09-17	2012-09-17	G2a	G2a
JQ638919.1	2011	2011	G2a	G2a
KP399633.1	2011-12	2011-12	G2a	G2a
JX242459.1	2011-12	2011-12	G2a	G2a
JQ257005.1	2011	2011	G2a	G2a
KU133235.1	2015-05-08	2015-05-08	G2a	G2a
KY075789.1	2015-11	2015-11	G2a	G2a
KF453510.1	2012-04-11	2012-04-11	G2a	G2a
MN594506.1	2018-03-27	2018-03-27	G2a	G2a
ON417003.1	2019-01	2019-01	G2a	G2a
MH991825.1	2016-12-30	2016-12-30	G2a	G2a
KT323980.1	2014-09-11	2014-09-11	G2a	G2a
OP727263.1	2015	2015	G2a	G2a
OQ349201.1	2021	2021	G2a	G2a
OQ349224.1	2021	2021	G2a	G2a
KU975389.1	2014-11	2014-11	G2a	G2a
KU975406.1	2015-03-15	2015-03-15	G2a	G2a
KX532180.1	2015	2015	G2a	G2a
KX532181.1	2015	2015	G2a	G2a
KX532182.1	2015	2015	G2a	G2a
KX532183.1	2015	2015	G2a	G2a
KF177255.1	2012-08-01	2012-08-01	G2a	G2a
KF177256.1	2012-08-01	2012-08-01	G2a	G2a
JX163294.1	2012-05-06	2012-05-06	G2a	G2a
KC787538.1	2012	2012	G2a	G2a
KR296663.1	2015-01	2015-01	G2a	G2a
KP399608.1	2014-10	2014-10	G2a	G2a
KC787541.1	2012	2012	G2a	G2a
KP399630.1	2012-12	2012-12	G2a	G2a
KP698770.1	2014	2014	G2a	G2a
PP923928.1	2014-04	2014-04	G2a	G2a
OL855978.1	2014-11	2014-11	G2a	G2a
KM225239.1	2014-06-15	2014-06-15	G2a	G2a
KM225240.1	2014-06-15	2014-06-15	G2a	G2a
KM225241.1	2014-06-15	2014-06-15	G2a	G2a
KM225242.1	2014-06-15	2014-06-15	G2a	G2a
KM225243.1	2014-06-15	2014-06-15	G2a	G2a
KM225244.1	2014-06-15	2014-06-15	G2a	G2a
JX501322.1	2012	2012	G2a	G2a
OP603897.1	2022-05-20	2022-05-20	G2a	G2a
KC787537.1	2013	2013	G2a	G2a
MG546687.1	2015-09	2015-09	G2a	G2a
MG198660.1	2016-02	2016-02	G2a	G2a
KU237218.1	2015-03-01	2015-03-01	G2a	G2a
KU237234.1	2015-05-01	2015-05-01	G2a	G2a
KM287429.1	2013	2013	G2a	G2a
KJ777677.1	2012-02	2012-02	G2a	G2a
KJ777678.1	2012-02	2012-02	G2a	G2a
PX619215.1	2024-10-03	2024-10-03	G2a	G2a
KX073610.1	2013-12	2013-12	G2a	G2a
KX066126.1	2011-11	2011-11	G2a	G2a
KX580953.1	2013	2013	G2a	G2a
KU133263.1	2012-03-20	2012-03-20	G2a	G2a
KU133244.1	2013-04-07	2013-04-07	G2a	G2a
KU133241.1	2013-04-07	2013-04-07	G2a	G2a
KU133242.1	2013-04-07	2013-04-07	G2a	G2a
OR085285.1	2022-12-16	2022-12-16	G2a	G2a
PV536108.1	2023-04-14	2023-04-14	G2a	G2a
PV536109.1	2023-04-14	2023-04-14	G2a	G2a
MH910099.1	2013-01-02	2013-01-02	G2a	G2a
PV890949.1	2025-05	2025-05	G2a	G2a
PV523955.1	2024-01	2024-01	G2a	G2a
PV523956.1	2024-03	2024-03	G2a	G2a
KM609209.1	2013-03	2013-03	G2a	G2a
OQ349205.1	2020	2020	G2a	G2a
KF738259.1	2013-06-04	2013-06-04	G2a	G2a
KR296671.1	2015-03	2015-03	G2a	G2a
KR296676.1	2015-02	2015-02	G2a	G2a
KU556284.1	2015	2015	G2a	G2a
KU556285.1	2015	2015	G2a	G2a
KU556282.1	2015	2015	G2a	G2a
KU556283.1	2015	2015	G2a	G2a
JX435303.1	2012	2012	G2a	G2a
KJ646579.1	2013	2013	G2a	G2a
KJ646588.1	2013	2013	G2a	G2a
KJ646591.1	2014	2014	G2a	G2a
KF840539.1	2012-05-02	2012-05-02	G2a	G2a
OQ349213.1	2020	2020	G2a	G2a
OQ349217.1	2020	2020	G2a	G2a
KJ646583.1	2012	2012	G2a	G2a
KJ646589.1	2013	2013	G2a	G2a
KJ646586.1	2013	2013	G2a	G2a
KJ646581.1	2012	2012	G2a	G2a
KJ646578.1	2013	2013	G2a	G2a
KJ646582.1	2012	2012	G2a	G2a
KF840546.1	2012-02-12	2012-02-12	G2a	G2a
JX435305.1	2012	2012	G2a	G2a
KF840537.1	2012-03-04	2012-03-04	G2a	G2a
KU133240.1	2012-01-05	2012-01-05	G2a	G2a
JX501323.1	2011	2011	G2a	G2a
KF601200.1	2013-04-18	2013-04-18	G2a	G2a
KF601201.1	2013-04-18	2013-04-18	G2a	G2a
KU237221.1	2015-03-01	2015-03-01	G2a	G2a
MK093253.1	2015-05	2015-05	G2a	G2a
KU133232.1	2014-04-29	2014-04-29	G2a	G2a
KT989358.1	2015	2015	G2a	G2a
KT989359.1	2015	2015	G2a	G2a
JX512907.1	2012	2012	G2a	G2a
KC210147.1	2012	2012	G2a	G2a
JN825712.1	2011-04-25	2011-04-25	G2a	G2a
KF177257.1	2012-08-01	2012-08-01	G2a	G2a
KF177258.1	2012-08-01	2012-08-01	G2a	G2a
MF782686.1	2015	2015	G2a	G2a
MF462814.1	2016-09-10	2016-09-10	G2a	G2a
OL907259.1	2020	2020	G2a	G2a
MH726364.1	2012-12-13	2012-12-13	G2a	G2a
MH726365.1	2013-01-15	2013-01-15	G2a	G2a
KM609207.1	2011-04	2011-04	G2a	G2a
KF294254.1	2013	2013	G2a	G2a
KF294255.1	2013	2013	G2a	G2a
JX435298.1	2011	2011	G2a	G2a
JX435300.1	2012	2012	G2a	G2a
OP191700.1	2016	2016	G2a	G2a
MH726363.1	2012-06-22	2012-06-22	G2a	G2a
JQ979289.1	2011-06	2011-06	G2a	G2a
JQ979291.1	2011-05	2011-05	G2a	G2a
KF453517.1	2011-11-13	2011-11-13	G2a	G2a
KF840552.1	2012-05-04	2012-05-04	G2a	G2a
KF840553.1	2012-04-27	2012-04-27	G2a	G2a
KF840554.1	2012-04-27	2012-04-27	G2a	G2a
JX088695.1	2012	2012	G2a	G2a
KP399622.1	2013-02	2013-02	G2a	G2a
KT388418.1	2014-11-05	2014-11-05	G2a	G2a
KP698751.1	2012	2012	G2a	G2a
KT388417.1	2013-09-13	2013-09-13	G2a	G2a
KC787542.1	2013	2013	G2a	G2a
KP399620.1	2013-01	2013-01	G2a	G2a
JX435302.1	2012	2012	G2a	G2a
MH726362.1	2012-02-08	2012-02-08	G2a	G2a
KR080551.1	2013	2013	G2a	G2a
KM406179.1	2014	2014	G2a	G2a
KU975412.1	2014-05-26	2014-05-26	G2a	G2a
KU975411.1	2014-04-28	2014-04-28	G2a	G2a
MG198669.1	2014-05	2014-05	G2a	G2a
MN037494.1	2017-04-18	2017-04-18	G2a	G2a
OM776958.1	2019-10	2019-10	G2a	G2a
OR992087.1	2017-10	2017-10	G2a	G2a
PP906229.1	2023	2023	G2a	G2a
OR992086.1	2017-11	2017-11	G2a	G2a
MT646162.1	2015-10	2015-10	G2a	G2a
PP395578.1	2021-02-05	2021-02-05	G2a	G2a
MW561264.1	2018	2018	G2a	G2a
PV609798.1	2024	2024	G2a	G2a
OR596889.1	2015	2015	G2a	G2a
OP019355.1	2021-06-09	2021-06-09	G2a	G2a
OP019344.1	2021-05-14	2021-05-14	G2a	G2a
OQ858592.1	2020	2020	G2a	G2a
KF760557.2	2013-03	2013-03	G2a	G2a
KJ526096.1	2013-04	2013-04	G2a	G2a
KF546803.1	2012-07-07	2012-07-07	G2a	G2a
KF546802.1	2012-07-07	2012-07-07	G2a	G2a
KF546800.1	2012-07-07	2012-07-07	G2a	G2a
KF546801.1	2012-07-07	2012-07-07	G2a	G2a
KC242899.1	2012-02	2012-02	G2a	G2a
KC242904.1	2012-07	2012-07	G2a	G2a
KP399613.1	2013-04	2013-04	G2a	G2a
KP399626.1	2013-02	2013-02	G2a	G2a
KJ196348.1	2013-02-05	2013-02-05	G2a	G2a
KF468755.1	2013	2013	G2a	G2a
KP399617.1	2013-08	2013-08	G2a	G2a
KP399618.1	2013-03	2013-03	G2a	G2a
KC787545.1	2013	2013	G2a	G2a
ON075821.1	2017	2017	G2a	G2a
KU133249.1	2012-02-09	2012-02-09	G2a	G2a
KU133245.1	2012-03-06	2012-03-06	G2a	G2a
KU133268.1	2013-03-07	2013-03-07	G2a	G2a
JQ771751.1	2011-10-20	2011-10-20	G2a	G2a
KF738258.1	2012-05-30	2012-05-30	G2a	G2a
KC210145.1	2012-03-15	2012-03-15	G2a	G2a
KR296679.1	2015-01	2015-01	G2a	G2a
KP698752.2	2012	2012	G2a	G2a
KP698753.1	2012	2012	G2a	G2a
KP698754.2	2012	2012	G2a	G2a
KM609208.1	2012-03	2012-03	G2a	G2a
JX435301.1	2011	2011	G2a	G2a
JX435304.1	2012	2012	G2a	G2a
KP870124.1	2013-04	2013-04	G2a	G2a
JX501321.1	2012	2012	G2a	G2a
JQ638917.1	2011	2011	G2a	G2a
JQ771753.1	2012-02-02	2012-02-02	G2a	G2a
JQ771752.1	2011-12-17	2011-12-17	G2a	G2a
KF453514.1	2012-03-01	2012-03-01	G2a	G2a
KF453515.1	2012-12-08	2012-12-08	G2a	G2a
KF738261.1	2013-05-13	2013-05-13	G2a	G2a
KF738262.1	2013-06-11	2013-06-11	G2a	G2a
PP395588.1	2022-09-23	2022-09-23	G2a	G2a
KU975415.1	2015-12-14	2015-12-14	G2a	G2a
KU975414.1	2015-12-01	2015-12-01	G2a	G2a
KU975416.1	2015-12-23	2015-12-23	G2a	G2a
KR296672.1	2014-12	2014-12	G2a	G2a
MG198648.1	2016-03	2016-03	G2a	G2a
MG198649.1	2016-03	2016-03	G2a	G2a
KY075784.1	2015-01	2015-01	G2a	G2a
MN412562.1	2016	2016	G2a	G2a
MN412564.1	2016	2016	G2a	G2a
MN412569.1	2016	2016	G2a	G2a
KP870116.1	2012-10	2012-10	G2a	G2a
MH726369.1	2014-08-21	2014-08-21	G2a	G2a
KP399629.1	2013-07	2013-07	G2a	G2a
KP870126.1	2013-07	2013-07	G2a	G2a
PV523954.1	2024-12	2024-12	G2a	G2a
MH726368.1	2012-09-23	2012-09-23	G2a	G2a
PV523947.1	2024-04	2024-04	G2a	G2a
PV523948.1	2024-11	2024-11	G2a	G2a
PV523950.1	2024-05	2024-05	G2a	G2a
PV036770.1	2023	2023	G2a	G2a
PV036771.1	2023	2023	G2a	G2a
MG020544.1	2016-12-04	2016-12-04	G2a	G2a
PV523952.1	2024-07	2024-07	G2a	G2a
PV523949.1	2024-05	2024-05	G2a	G2a
PV523945.1	2024-12	2024-12	G2a	G2a
OQ122102.1	2021-12-15	2021-12-15	G2a	G2a
PV523944.1	2024-05	2024-05	G2a	G2a
PV523953.1	2024-11	2024-11	G2a	G2a
PV523943.1	2024-10	2024-10	G2a	G2a
PV523946.1	2024-02	2024-02	G2a	G2a
PV523951.1	2024-12	2024-12	G2a	G2a
KU558701.1	2013-11-14	2013-11-14	G2a	G2a
OR722805.1	2021	2021	G2a	G2a
OQ349204.1	2020	2020	G2b	G2b
OL855979.1	2015-12	2015-12	G2b	G2b
KC787544.1	2012	2012	G2b	G2b
KP399611.1	2013-11	2013-11	G2b	G2b
MG837011.1	2012-02-21	2012-02-21	G2b	G2b
KF840549.1	2012-04-26	2012-04-26	G2b	G2b
KF840550.1	2012-04-26	2012-04-26	G2b	G2b
KF453512.1	2012-12-29	2012-12-29	G2b	G2b
KF840544.1	2013-02-20	2013-02-20	G2b	G2b
KY075786.1	2015-04	2015-04	G2b	G2b
KY075783.1	2014-11	2014-11	G2b	G2b
KY075790.1	2015-11	2015-11	G2b	G2b
MG198671.1	2016-03	2016-03	G2b	G2b
PP923931.1	2015-03	2015-03	G2b	G2b
JQ638916.1	2011	2011	G2b	G2b
KC242911.1	2012-11	2012-11	G2b	G2b
KC242908.1	2012-09	2012-09	G2b	G2b
KC242912.1	2012-11	2012-11	G2b	G2b
KP399634.1	2011-02	2011-02	G2b	G2b
KR818832.1	2013-02	2013-02	G2b	G2b
KJ646585.1	2012	2012	G2b	G2b
KC242907.1	2012-09	2012-09	G2b	G2b
KJ646590.1	2013	2013	G2b	G2b
MH726366.1	2012-06-04	2012-06-04	G2b	G2b
KU133252.1	2012-03-05	2012-03-05	G2b	G2b
KU133264.1	2012-03-10	2012-03-10	G2b	G2b
JX070671.1	2012	2012	G2b	G2b
KU133243.1	2013-02-06	2013-02-06	G2b	G2b
KR732651.1	2014	2014	G2b	G2b
KR732652.1	2014	2014	G2b	G2b
KP399631.1	2011-12	2011-12	G2b	G2b
JX242461.1	2011-12	2011-12	G2b	G2b
OQ718863.1	2023-01-15	2023-01-15	G2b	G2b
PV164722.1	2022-05-17	2022-05-17	G2b	G2b
MK533002.1	2017-11-13	2017-11-13	G2b	G2b
MK533004.1	2017-11-13	2017-11-13	G2b	G2b
MH991842.1	2017-11-13	2017-11-13	G2b	G2b
MK644604.1	2017-11-13	2017-11-13	G2b	G2b
KF761675.1	2013-09-20	2013-09-20	G2b	G2b
KM225245.1	2012-08-21	2012-08-21	G2b	G2b
KJ020932.1	2013-03	2013-03	G2b	G2b
PV449162.1	2022	2022	G2b	G2b
KC242900.1	2012-02	2012-02	G2b	G2b
KC242898.1	2012-02	2012-02	G2b	G2b
KC242902.1	2012-03	2012-03	G2b	G2b
JQ638920.1	2011	2011	G2b	G2b
JQ638922.1	2011	2011	G2b	G2b
JX435299.1	2012	2012	G2b	G2b
JN825706.1	2011	2011	G2b	G2b
JN825707.1	2011	2011	G2b	G2b
JN825711.1	2011	2011	G2b	G2b
JN825710.1	2011	2011	G2b	G2b
JN825708.1	2011	2011	G2b	G2b
JN825709.1	2011	2011	G2b	G2b
KF453516.1	2011-06-18	2011-06-18	G2b	G2b
KF294256.1	2012-08-29	2012-08-29	G2b	G2b
KF840541.1	2012-03-21	2012-03-21	G2b	G2b
KF840542.1	2012-03-21	2012-03-21	G2b	G2b
KF840543.1	2012-02-12	2012-02-12	G2b	G2b
KF738264.1	2012-10-30	2012-10-30	G2b	G2b
KF840538.1	2012-02-12	2012-02-12	G2b	G2b
MK606368.1	2018-06-24	2018-06-24	G2b	G2b
JQ627653.1	2011	2011	G2b	G2b
JX524137.1	2011-04-10	2011-04-10	G2b	G2b
KP870141.1	2013-01	2013-01	G2b	G2b
KC242897.1	2011	2011	G2b	G2b
KC242909.1	2012-09	2012-09	G2b	G2b
KC242903.1	2012-05	2012-05	G2b	G2b
KC242901.1	2012-03	2012-03	G2b	G2b
KC242910.1	2012-09	2012-09	G2b	G2b
KC242906.1	2012-08	2012-08	G2b	G2b
KC242905.1	2012-08	2012-08	G2b	G2b
KC140102.1	2012-08-20	2012-08-20	G2b	G2b
OR576822.1	2022-06	2022-06	G2b	G2b
KF840556.1	2012-03-08	2012-03-08	G2b	G2b
KF840555.1	2012-03-22	2012-03-22	G2b	G2b
KF840540.1	2012-02-14	2012-02-14	G2b	G2b
KF840545.1	2012-03-22	2012-03-22	G2b	G2b
KU133266.1	2012-12-11	2012-12-11	G2b	G2b
KF577730.1	2013-02-14	2013-02-14	G2b	G2b
KF601195.1	2013-04-18	2013-04-18	G2b	G2b
KP698757.1	2012	2012	G2b	G2b
KF453511.1	2012-03-08	2012-03-08	G2b	G2b
JX258672.1	2012	2012	G2b	G2b
MK841495.1	2016-09	2016-09	G2b	G2b
MK841494.1	2016-10	2016-10	G2b	G2b
MT683617.1	2016-09	2016-09	G2b	G2b
JQ517274.1	2011-06-18	2011-06-18	G2b	G2b
KP698762.2	2013	2013	G2b	G2b
MH726374.1	2014-06-07	2014-06-07	G2b	G2b
KP870114.1	2012-07	2012-07	G2b	G2b
MH726375.1	2012-06-04	2012-06-04	G2b	G2b
MH726393.1	2011-03-10	2011-03-10	G2b	G2b
JX242458.1	2011-10	2011-10	G2b	G2b
JX242463.1	2011-12	2011-12	G2b	G2b
JX188454.1	2011-05	2011-05	G2b	G2b
JX489155.1	2011-02	2011-02	G2b	G2b
KT021228.1	2013-10-05	2013-10-05	G2b	G2b
KM225247.1	2012-08-21	2012-08-21	G2b	G2b
KM225248.1	2012-08-21	2012-08-21	G2b	G2b
MZ604716.1	2016-10-20	2016-10-20	G2b	G2b
KT021229.1	2013-11-08	2013-11-08	G2b	G2b
KT021230.1	2014-02-05	2014-02-05	G2b	G2b
KT021231.1	2014-05-10	2014-05-10	G2b	G2b
KM225249.1	2012-08-21	2012-08-21	G2b	G2b
KM225250.1	2012-08-21	2012-08-21	G2b	G2b
KT021233.1	2014-11-11	2014-11-11	G2b	G2b
MZ581326.1	2017-07-20	2017-07-20	G2b	G2b
KM225251.1	2012-08-21	2012-08-21	G2b	G2b
KM225252.1	2012-08-21	2012-08-21	G2b	G2b
OP171888.1	2017-07	2017-07	G2b	G2b
OP171891.1	2016-12	2016-12	G2b	G2b
JQ638918.1	2011	2011	G2b	G2b
KP399616.1	2013-03	2013-03	G2b	G2b
KP399624.1	2013-12	2013-12	G2b	G2b
KC787536.1	2013	2013	G2b	G2b
KT388421.1	2013-12-18	2013-12-18	G2b	G2b
KP399619.1	2013-12	2013-12	G2b	G2b
KP399628.1	2013-05	2013-05	G2b	G2b
MH726398.1	2011-05-25	2011-05-25	G2b	G2b
MH726396.1	2013-12-07	2013-12-07	G2b	G2b
MH726397.1	2012-10-20	2012-10-20	G2b	G2b
MH726394.1	2015-12-08	2015-12-08	G2b	G2b
MH726401.1	2011-11-27	2011-11-27	G2b	G2b
MH726395.1	2013-02-06	2013-02-06	G2b	G2b
MH726399.1	2011-09-25	2011-09-25	G2b	G2b
MH726400.1	2011-04-26	2011-04-26	G2b	G2b
MZ161006.1	2020-12	2020-12	G2b	G2b
PP580813.1	2020	2020	G2b	G2b
KU133255.1	2014-04-04	2014-04-04	G2b	G2b
KU380331.1	2015-05-01	2015-05-01	G2b	G2b
KU133254.1	2014-04-04	2014-04-04	G2b	G2b
KX791060.1	2014-05-12	2014-05-12	G2b	G2b
PP395584.1	2022-02-11	2022-02-11	G2b	G2b
KY775035.1	2016-10	2016-10	G2b	G2b
KY775036.1	2016-10	2016-10	G2b	G2b
MG334004.1	2016-04	2016-04	G2b	G2b
KP698767.1	2014	2014	G2b	G2b
MZ364308.1	2016-05-05	2016-05-05	G2b	G2b
MZ364307.1	2016-02-29	2016-02-29	G2b	G2b
MZ364309.1	2016-05-29	2016-05-29	G2b	G2b
KP399607.1	2014-05	2014-05	G2b	G2b
KP399621.1	2013-11	2013-11	G2b	G2b
MG132639.1	2017-05	2017-05	G2b	G2b
MG132637.1	2017-05	2017-05	G2b	G2b
MG132638.1	2017-05	2017-05	G2b	G2b
MH726384.1	2011-02-10	2011-02-10	G2b	G2b
JQ239429.1	2011	2011	G2b	G2b
JQ638915.1	2011	2011	G2b	G2b
KT989354.1	2015	2015	G2b	G2b
MW145533.1	2020	2020	G2b	G2b
OM201218.1	2018	2018	G2b	G2b
KF384500.1	2012-03	2012-03	G2b	G2b
MH708895.1	2011-01-18	2011-01-18	G2b	G2b
AB857234.1	2013	2013	G2b	G2b
KM609204.1	2011-06	2011-06	G2b	G2b
JX145339.1	2011-02	2011-02	G2b	G2b
KP870115.1	2012-10	2012-10	G2b	G2b
MN508818.1	2012-03-17	2012-03-17	G2b	G2b
JN980698.1	2011-02-10	2011-02-10	G2b	G2b
MG198632.1	2016-02	2016-02	G2b	G2b
JX018179.1	2012	2012	G2b	G2b
MK288006.1	2011-05-22	2011-05-22	G2b	G2b
KF601197.1	2013-04-18	2013-04-18	G2b	G2b
KF601199.1	2013-04-18	2013-04-18	G2b	G2b
JX242454.1	2011-08	2011-08	G2b	G2b
JX242455.1	2011-10	2011-10	G2b	G2b
JX242457.1	2011-12	2011-12	G2b	G2b
JX242456.1	2011-11	2011-11	G2b	G2b
JX242460.1	2011-12	2011-12	G2b	G2b
OP171892.1	2017-07	2017-07	G2b	G2b
KU985230.1	2011-02-10	2011-02-10	G2b	G2b
JX647847.1	2011-12	2011-12	G2b	G2b
OR576821.1	2022-06	2022-06	G2b	G2b
MH726385.1	2011-02-10	2011-02-10	G2b	G2b
MH726387.1	2011-02-10	2011-02-10	G2b	G2b
MK392335.1	2010-02	2010-02	G2b	G2b
MZ161041.1	2020-07	2020-07	G2b	G2b
PP580808.1	2022	2022	G2b	G2b
PP580811.1	2022	2022	G2b	G2b
ON262797.1	2012	2012	G2b	G2b
KU646831.1	2012	2012	G2b	G2b
MH726386.1	2011-05-25	2011-05-25	G2b	G2b
JX261936.1	2011-02-10	2011-02-10	G2b	G2b
OQ437174.1	2022-12-10	2022-12-10	G2b	G2b
MH726388.1	2011-02-10	2011-02-10	G2b	G2b
MH726389.1	2011-02-10	2011-02-10	G2b	G2b
OP894120.1	2020	2020	G2b	G2b
KP870139.1	2014-12	2014-12	G2b	G2b
KP765609.1	2013-07	2013-07	G2b	G2b
MH726392.1	2013-07-02	2013-07-02	G2b	G2b
KP870119.1	2012-12	2012-12	G2b	G2b
KP870129.1	2013-12	2013-12	G2b	G2b
KP870130.1	2013-01	2013-01	G2b	G2b
MH726390.1	2011-02-10	2011-02-10	G2b	G2b
MH726391.1	2012-07-15	2012-07-15	G2b	G2b
MN759311.1	2019-03-18	2019-03-18	G2b	G2b
KM089829.1	2012-11-10	2012-11-10	G2b	G2b
ON649885.1	2021-12-30	2021-12-30	G2b	G2b
OP287015.1	2021-12	2021-12	G2b	G2b
MH748550.1	2017-11-10	2017-11-10	G2b	G2b
MW386982.1	2020-12	2020-12	G2b	G2b
OQ589489.1	2023-02-25	2023-02-25	G2b	G2b
MK584552.1	2011-05	2011-05	G2b	G2b
PX482649.1	2025-03	2025-03	G2b	G2b
MZ161078.1	2020-05	2020-05	G2b	G2b
MW145530.1	2020	2020	G2b	G2b
PV523941.1	2024-04	2024-04	G2b	G2b
PV523942.1	2024-05	2024-05	G2b	G2b
PV695983.1	2024	2024	G2b	G2b
MZ161037.1	2020-08	2020-08	G2b	G2b
PX229706.1	2021	2021	G2b	G2b
OQ122105.1	2021-12-27	2021-12-27	G2b	G2b
PV164728.1	2023-02-07	2023-02-07	G2b	G2b
MZ161033.1	2020-10	2020-10	G2b	G2b
PV609800.1	2024	2024	G2b	G2b
PV146395.1	2023	2023	G2b	G2b
PV146397.1	2023	2023	G2b	G2b
PV641632.1	2024	2024	G2b	G2b
PV614330.1	2024	2024	G2b	G2b
PV641626.1	2024	2024	G2b	G2b
OR085311.1	2022-12-01	2022-12-01	G2b	G2b
OR085309.1	2022-12-01	2022-12-01	G2b	G2b
OR085310.1	2022-12-01	2022-12-01	G2b	G2b
PV844370.1	2024-09	2024-09	G2b	G2b
PV536106.1	2023-09-17	2023-09-17	G2b	G2b
OR085300.1	2023-02-20	2023-02-20	G2b	G2b
PP901935.1	2023-01	2023-01	G2b	G2b
MZ161023.1	2020-10	2020-10	G2b	G2b
PV036769.1	2024	2024	G2b	G2b
MZ161025.1	2020-10	2020-10	G2b	G2b
MZ161035.1	2020-10	2020-10	G2b	G2b
MZ161036.1	2020-09	2020-09	G2b	G2b
PV536080.1	2022-12-01	2022-12-01	G2b	G2b
PV536081.1	2022-12-01	2022-12-01	G2b	G2b
MZ364314.1	2018-11-14	2018-11-14	G2b	G2b
MZ161059.1	2020-03	2020-03	G2b	G2b
OP374021.1	2022-06	2022-06	G2b	G2b
MZ161018.1	2020-11	2020-11	G2b	G2b
OR085299.1	2022-12-01	2022-12-01	G2b	G2b
MZ161024.1	2020-10	2020-10	G2b	G2b
MZ161030.1	2020-10	2020-10	G2b	G2b
MZ161034.1	2020-10	2020-10	G2b	G2b
OQ349221.1	2021	2021	G2b	G2b
PX652413.1	2025-01	2025-01	G2b	G2b
OR085298.1	2022-07-01	2022-07-01	G2b	G2b
OR001817.1	2022-07-31	2022-07-31	G2b	G2b
MZ161046.1	2020-06	2020-06	G2b	G2b
OP972835.1	2022-10-25	2022-10-25	G2b	G2b
MZ161014.1	2020-12	2020-12	G2b	G2b
PQ284571.1	2023	2023	G2b	G2b
PQ284572.1	2023	2023	G2b	G2b
PP723328.1	2022-11	2022-11	G2b	G2b
OP019333.1	2021-08-14	2021-08-14	G2b	G2b
ON248872.1	2021-09	2021-09	G2b	G2b
OQ122098.1	2022-04-07	2022-04-07	G2b	G2b
OQ122103.1	2021-11-09	2021-11-09	G2b	G2b
ON571549.1	2021-08	2021-08	G2b	G2b
MZ161029.1	2020-10	2020-10	G2b	G2b
OQ122111.1	2022-03-14	2022-03-14	G2b	G2b
MZ161022.1	2020-11	2020-11	G2b	G2b
MZ161032.1	2020-10	2020-10	G2b	G2b
PV844369.1	2023-09	2023-09	G2b	G2b
KR514321.1	2014-01-14	2014-01-14	G2a	G2a
KR514319.1	2013-05-15	2013-05-15	G2a	G2a
KR514320.1	2013-01-14	2013-01-14	G2a	G2a
KR233256.1	2014	2014	G2a	G2a
KR514318.1	2013-01-24	2013-01-24	G2a	G2a
ON168795.1	2017-02-02	2017-02-02	G2a	G2a
KR233257.1	2014	2014	G2a	G2a
OQ723792.1	2020-07-21	2020-07-21	G2a	G2a
OR195029.1	2022	2022	G2a	G2a
MT659926.1	2019-02	2019-02	G2a	G2a
MH056658.1	2014	2014	G2a	G2a
MF038014.1	2016-07-09	2016-07-09	G2a	G2a
OR707084.1	2021	2021	G2a	G2a
PX652412.1	2024-12	2024-12	G2a	G2a
PQ284568.1	2022	2022	G2a	G2a
PQ284569.1	2022	2022	G2a	G2a
PQ284570.1	2022	2022	G2a	G2a
JQ257006.1	2011	2011	G2a	G2a
MK656509.1	2018-03-03	2018-03-03	G2a	G2a
MK656510.1	2018-04-05	2018-04-05	G2a	G2a
MF152598.1	2016	2016	G2a	G2a
MN721365.1	2016-09-30	2016-09-30	G2a	G2a
KT313037.1	2015-05-12	2015-05-12	G2a	G2a
MG132631.1	2017-05	2017-05	G2a	G2a
KT313038.1	2015-06-02	2015-06-02	G2a	G2a
MG132632.1	2017-05	2017-05	G2a	G2a
MN893427.1	2017-10-01	2017-10-01	G2a	G2a
KP698765.2	2013	2013	G2a	G2a
KP399625.1	2013-08	2013-08	G2a	G2a
KP399604.1	2014-04	2014-04	G2a	G2a
KP399612.1	2013-04	2013-04	G2a	G2a
KU133233.1	2014-04-14	2014-04-14	G2a	G2a
MH107321.1	2013-01-16	2013-01-16	G2a	G2a
KU133265.1	2015-03-26	2015-03-26	G2a	G2a
MH107322.1	2012-11-05	2012-11-05	G2a	G2a
KY607767.1	2016-03	2016-03	G2a	G2a
JQ257007.1	2011	2011	G2a	G2a
KC196276.1	2011-05	2011-05	G2a	G2a
MK656504.1	2018-06-15	2018-06-15	G2a	G2a
MK656508.1	2018-03-03	2018-03-03	G2a	G2a
KY075782.1	2014-11	2014-11	G2a	G2a
KY075787.1	2015-07	2015-07	G2a	G2a
KU133261.1	2014-04-08	2014-04-08	G2a	G2a
MG706120.1	2017-01-21	2017-01-21	G2a	G2a
MG706121.1	2017-01-15	2017-01-15	G2a	G2a
MG706117.1	2017-06-25	2017-06-25	G2a	G2a
MG706119.1	2017-07-21	2017-07-21	G2a	G2a
MF038016.1	2015-12	2015-12	G2a	G2a
MF038004.1	2015-12-25	2015-12-25	G2a	G2a
MF038015.1	2016-01	2016-01	G2a	G2a
MF038006.1	2016-12-01	2016-12-01	G2a	G2a
MF038005.1	2016-12-28	2016-12-28	G2a	G2a
MF038007.1	2016-12-28	2016-12-28	G2a	G2a
KF840561.1	2013-07-20	2013-07-20	G2a	G2a
KF840562.1	2013-07-20	2013-07-20	G2a	G2a
KP698758.1	2013	2013	G2a	G2a
KF738260.1	2013-05-06	2013-05-06	G2a	G2a
KF840547.1	2012-03-21	2012-03-21	G2a	G2a
KF840548.1	2012-03-21	2012-03-21	G2a	G2a
KM609203.1	2012-03	2012-03	G2a	G2a
KC787540.1	2013	2013	G2a	G2a
KT948011.1	2013-01-09	2013-01-09	G2a	G2a
OP382083.1	2021-02-10	2021-02-10	G2a	G2a
PP998009.1	2023-01	2023-01	G2a	G2a
MH726379.1	2014-07-28	2014-07-28	G2a	G2a
MH726377.1	2014-07-11	2014-07-11	G2a	G2a
MH726378.1	2014-07-28	2014-07-28	G2a	G2a
KT313039.1	2014-10-17	2014-10-17	G2a	G2a
MG132633.1	2017-05	2017-05	G2a	G2a
KJ646584.1	2013	2013	G2a	G2a
KT313036.1	2015-05-20	2015-05-20	G2a	G2a
MG132634.1	2017-05	2017-05	G2a	G2a
OQ349207.1	2020	2020	G2a	G2a
MH991864.1	2018-04-27	2018-04-27	G2a	G2a
MT090138.1	2019	2019	G2a	G2a
KU133260.1	2014-04-04	2014-04-04	G2a	G2a
KU133237.1	2014-04-01	2014-04-01	G2a	G2a
KX073607.1	2013-12	2013-12	G2a	G2a
KX064280.1	2014-10-20	2014-10-20	G2a	G2a
MH117940.1	2016-03	2016-03	G2a	G2a
KP399605.1	2014-02	2014-02	G2a	G2a
MN893424.1	2018-01-01	2018-01-01	G2a	G2a
KU975410.1	2014-03-07	2014-03-07	G2a	G2a
KU975413.1	2014-08-02	2014-08-02	G2a	G2a
PP395582.1	2021-12-08	2021-12-08	G2a	G2a
KU975403.1	2015-11-21	2015-11-21	G2a	G2a
KU975404.1	2015-12-20	2015-12-20	G2a	G2a
MH726380.1	2014-06-06	2014-06-06	G2a	G2a
MG198639.1	2016-01	2016-01	G2a	G2a
MK124712.1	2016-05	2016-05	G2a	G2a
MT090139.1	2019	2019	G2a	G2a
OQ979201.1	2021	2021	G2a	G2a
MF782687.1	2015	2015	G2a	G2a
OP784565.1	2017	2017	G2a	G2a
PP723329.1	2022-11	2022-11	G2a	G2a
MG198647.1	2015-12	2015-12	G2a	G2a
KY496322.1	2015-06-20	2015-06-20	G2a	G2a
KU133253.1	2013-12-26	2013-12-26	G2a	G2a
KM609210.1	2014-01	2014-01	G2a	G2a
KM609211.1	2014-01	2014-01	G2a	G2a
KP698764.2	2013	2013	G2a	G2a
OQ349206.1	2020	2020	G2a	G2a
KJ646580.1	2014	2014	G2a	G2a
MN721367.1	2015-12-30	2015-12-30	G2a	G2a
MN721361.1	2014-03-25	2014-03-25	G2a	G2a
MK532984.1	2017-02-17	2017-02-17	G2a	G2a
MK532983.1	2017-02-17	2017-02-17	G2a	G2a
MF807952.1	2017-02-17	2017-02-17	G2a	G2a
MK532985.1	2017-02-17	2017-02-17	G2a	G2a
MG132635.1	2017-05	2017-05	G2a	G2a
MG132636.1	2017-05	2017-05	G2a	G2a
MH991843.1	2017-12-01	2017-12-01	G2a	G2a
MW762534.1	2020-12-08	2020-12-08	G2a	G2a
MK532986.1	2017-02-17	2017-02-17	G2a	G2a
MK532987.1	2017-02-17	2017-02-17	G2a	G2a
MT547179.1	2017-01	2017-01	G2a	G2a
OR365272.1	2019	2019	G2a	G2a
OR365273.1	2020	2020	G2a	G2a
OR365274.1	2020	2020	G2a	G2a
OR365275.1	2020	2020	G2a	G2a
MT547180.1	2017-01	2017-01	G2a	G2a
OR365276.1	2020	2020	G2a	G2a
OR365279.1	2020	2020	G2a	G2a
OR365277.1	2020	2020	G2a	G2a
OR365278.1	2020	2020	G2a	G2a
KU975423.1	2014-01-06	2014-01-06	G2a	G2a
KM406184.1	2014	2014	G2a	G2a
KT989366.1	2015	2015	G2a	G2a
KY496321.1	2016-04-05	2016-04-05	G2a	G2a
KY496319.1	2015-11-20	2015-11-20	G2a	G2a
MW143087.1	2017-03	2017-03	G2a	G2a
MW143089.1	2018-02	2018-02	G2a	G2a
MW143088.1	2018-01	2018-01	G2a	G2a
MW143090.1	2018-04	2018-04	G2a	G2a
MF152601.1	2017	2017	G2a	G2a
MH053417.1	2017-01-08	2017-01-08	G2a	G2a
OM948910.1	2020-12	2020-12	G2a	G2a
OM948925.1	2020-12	2020-12	G2a	G2a
MH053415.1	2017-02-13	2017-02-13	G2a	G2a
KU975418.1	2015-03-04	2015-03-04	G2a	G2a
KU975419.1	2015-03-28	2015-03-28	G2a	G2a
KY775044.1	2016-06	2016-06	G2a	G2a
KY775043.1	2016-03	2016-03	G2a	G2a
MZ380292.1	2016-07	2016-07	G2a	G2a
MN893417.1	2016-09-01	2016-09-01	G2a	G2a
KY775039.1	2016-03	2016-03	G2a	G2a
MK656511.1	2018-06-02	2018-06-02	G2a	G2a
MH244927.1	2016-12-12	2016-12-12	G2a	G2a
MH991838.1	2017-10-27	2017-10-27	G2a	G2a
MH991839.1	2017-10-27	2017-10-27	G2a	G2a
MH053416.1	2017-01-06	2017-01-06	G2a	G2a
PP923932.1	2015-07	2015-07	G2a	G2a
MG837012.1	2016-01-20	2016-01-20	G2a	G2a
KY496316.1	2016-02-20	2016-02-20	G2a	G2a
KU133246.1	2015-04-23	2015-04-23	G2a	G2a
MF152605.1	2017	2017	G2a	G2a
MT294130.1	2018	2018	G2a	G2a
OQ349210.1	2020	2020	G2a	G2a
OQ349211.1	2020	2020	G2a	G2a
PX475711.1	2024	2024	G2a	G2a
KY775037.1	2016-10	2016-10	G2a	G2a
KX812523.1	2016-03-30	2016-03-30	G2a	G2a
KX550281.1	2015-01-16	2015-01-16	G2a	G2a
KY007140.1	2015-03-02	2015-03-02	G2a	G2a
MW143081.1	2016-08	2016-08	G2a	G2a
OQ349215.1	2020	2020	G2a	G2a
KY075788.1	2015-08	2015-08	G2a	G2a
MK656512.1	2018-07-22	2018-07-22	G2a	G2a
MK656513.1	2018-07-23	2018-07-23	G2a	G2a
KU237213.1	2014	2014	G2a	G2a
KY070587.1	2016	2016	G2a	G2a
MG198642.1	2016-01	2016-01	G2a	G2a
MG020554.1	2016-04-06	2016-04-06	G2a	G2a
MG020555.1	2016-04-06	2016-04-06	G2a	G2a
OQ349203.1	2020	2020	G2c	G2c
PQ316091.1	2023-01-25	2023-01-25	G2c	G2c
PP395586.1	2022-03-09	2022-03-09	G2c	G2c
MH991840.1	2017-11-13	2017-11-13	G2c	G2c
MH991841.1	2017-11-13	2017-11-13	G2c	G2c
KF840551.1	2012-09-24	2012-09-24	G2c	G2c
OL855982.1	2019-01	2019-01	G2c	G2c
OL855983.1	2019-01	2019-01	G2c	G2c
MH991827.1	2017-02-17	2017-02-17	G2c	G2c
ON417000.1	2019-01	2019-01	G2c	G2c
MG198652.1	2015-06	2015-06	G2c	G2c
MG020542.1	2016-11-17	2016-11-17	G2c	G2c
MG020545.1	2016-04-11	2016-04-11	G2c	G2c
MK111633.1	2016-10	2016-10	G2c	G2c
OQ349202.1	2021	2021	G2c	G2c
OQ349226.1	2021	2021	G2c	G2c
MG546690.1	2016-11	2016-11	G2c	G2c
MG546688.1	2016-02	2016-02	G2c	G2c
OR576823.1	2022-09	2022-09	G2c	G2c
MG198667.1	2015-11	2015-11	G2c	G2c
KU133269.1	2015-04-20	2015-04-20	G2c	G2c
MH726382.1	2016-05-18	2016-05-18	G2c	G2c
MH991831.1	2017-05-26	2017-05-26	G2c	G2c
MK532993.1	2017-05-26	2017-05-26	G2c	G2c
MW478760.1	2018	2018	G2c	G2c
ON988088.1	2021-01-10	2021-01-10	G2c	G2c
ON988095.1	2020-11-05	2020-11-05	G2c	G2c
KX073609.1	2014-12	2014-12	G2c	G2c
PP395587.1	2022-05-07	2022-05-07	G2c	G2c
KU975405.1	2014-12-23	2014-12-23	G2c	G2c
KY496320.1	2015-07-08	2015-07-08	G2c	G2c
MK532995.1	2017-10-20	2017-10-20	G2c	G2c
MH991836.1	2017-10-20	2017-10-20	G2c	G2c
MK644602.1	2017-10-20	2017-10-20	G2c	G2c
KU133236.1	2014-04-01	2014-04-01	G2c	G2c
MK656505.1	2018-06-26	2018-06-26	G2c	G2c
MZ364313.1	2018-02-27	2018-02-27	G2c	G2c
MT166307.1	2018-05	2018-05	G2c	G2c
MN893422.1	2017-04-01	2017-04-01	G2c	G2c
ON988085.1	2020-12-12	2020-12-12	G2c	G2c
KY679906.1	2016-03	2016-03	G2c	G2c
MT843278.1	2019-12	2019-12	G2c	G2c
MN841671.1	2019-02	2019-02	G2c	G2c
MT303066.1	2019-02	2019-02	G2c	G2c
MK628688.1	2018-01-26	2018-01-26	G2c	G2c
MN893411.1	2016-09-01	2016-09-01	G2c	G2c
MN893406.1	2016-11-01	2016-11-01	G2c	G2c
MN893407.1	2017-03-01	2017-03-01	G2c	G2c
MN893412.1	2017-03-01	2017-03-01	G2c	G2c
MT090140.1	2019	2019	G2c	G2c
MH593140.1	2018-05-03	2018-05-03	G2c	G2c
MZ161031.1	2020-10	2020-10	G2c	G2c
MN893413.1	2017-03-01	2017-03-01	G2c	G2c
MN893423.1	2018-01-01	2018-01-01	G2c	G2c
MH991845.1	2018-06-15	2018-06-15	G2c	G2c
MT031819.1	2018-12-05	2018-12-05	G2c	G2c
OQ349214.1	2020	2020	G2c	G2c
MN412574.1	2018	2018	G2c	G2c
MT090146.1	2018	2018	G2c	G2c
MN893416.1	2016-09-01	2016-09-01	G2c	G2c
MT263014.1	2019-10-10	2019-10-10	G2c	G2c
OR576826.1	2022-11	2022-11	G2c	G2c
MF152599.1	2016	2016	G2c	G2c
MN893418.1	2017-09-01	2017-09-01	G2c	G2c
MN893419.1	2017-11-01	2017-11-01	G2c	G2c
MH991854.1	2018-03-09	2018-03-09	G2c	G2c
MK533010.1	2018-03-09	2018-03-09	G2c	G2c
MN893420.1	2017-12-01	2017-12-01	G2c	G2c
PQ179480.1	2022	2022	G2c	G2c
MK532996.1	2017-10-27	2017-10-27	G2c	G2c
MK532997.1	2017-10-27	2017-10-27	G2c	G2c
MT787025.1	2016-12	2016-12	G2c	G2c
MH593145.1	2018-05-25	2018-05-25	G2c	G2c
MH061340.1	2017-12-01	2017-12-01	G2c	G2c
MH593142.1	2018-05-17	2018-05-17	G2c	G2c
MH593146.1	2018-05-29	2018-05-29	G2c	G2c
MH053412.1	2017-01-05	2017-01-05	G2c	G2c
MH991829.1	2017-03-18	2017-03-18	G2c	G2c
MK532992.1	2017-03-18	2017-03-18	G2c	G2c
MK592416.1	2018	2018	G2c	G2c
MK598820.1	2018	2018	G2c	G2c
MK598819.1	2018	2018	G2c	G2c
MH053413.1	2018-01-23	2018-01-23	G2c	G2c
MH593139.1	2018-04-25	2018-04-25	G2c	G2c
PV614326.1	2023	2023	G2c	G2c
PP395583.1	2022-01-22	2022-01-22	G2c	G2c
MG020553.1	2016-12-07	2016-12-07	G2c	G2c
MW478762.1	2018	2018	G2c	G2c
MW478763.1	2018	2018	G2c	G2c
MG020552.1	2016-03-21	2016-03-21	G2c	G2c
PP906225.1	2023	2023	G2c	G2c
MK702008.1	2018-10	2018-10	G2c	G2c
MH593143.1	2018-05-19	2018-05-19	G2c	G2c
MW478765.1	2018	2018	G2c	G2c
MW478766.1	2018	2018	G2c	G2c
MW478764.1	2018	2018	G2c	G2c
MW478767.1	2018	2018	G2c	G2c
MH726372.1	2012-12-13	2012-12-13	G2c	G2c
KY775038.1	2016-03	2016-03	G2c	G2c
KU237220.1	2015-02-01	2015-02-01	G2c	G2c
KT388413.1	2015-03-10	2015-03-10	G2c	G2c
KX058031.1	2014-12-05	2014-12-05	G2c	G2c
OR567503.1	2022-01-28	2022-01-28	G2c	G2c
KT199103.1	2015-06-01	2015-06-01	G2c	G2c
OR576825.1	2022-11	2022-11	G2c	G2c
KR296667.1	2015-01	2015-01	G2c	G2c
KU237224.1	2015-04-01	2015-04-01	G2c	G2c
MG198662.1	2015-05	2015-05	G2c	G2c
KU556286.1	2015	2015	G2c	G2c
MG198644.1	2015-05	2015-05	G2c	G2c
KY775040.1	2016-02	2016-02	G2c	G2c
MT625963.1	2015	2015	G2c	G2c
MH991828.1	2017-03-18	2017-03-18	G2c	G2c
KY775041.1	2016-02	2016-02	G2c	G2c
MG198663.1	2016-03	2016-03	G2c	G2c
MH991830.1	2017-05-26	2017-05-26	G2c	G2c
MH991844.1	2017-12-15	2017-12-15	G2c	G2c
MK533005.1	2017-12-15	2017-12-15	G2c	G2c
MG198650.1	2014-12	2014-12	G2c	G2c
KU133250.1	2013-12-26	2013-12-26	G2c	G2c
KR153326.1	2014-01-04	2014-01-04	G2c	G2c
KX016034.1	2014-01-04	2014-01-04	G2c	G2c
KU237226.1	2014-09-01	2014-09-01	G2c	G2c
KU237225.1	2014-09-01	2014-09-01	G2c	G2c
KU237227.1	2014-09-01	2014-09-01	G2c	G2c
KM609213.1	2014-03	2014-03	G2c	G2c
KM609212.1	2014-03	2014-03	G2c	G2c
KY793536.1	2015-02-14	2015-02-14	G2c	G2c
KR296670.1	2015-01	2015-01	G2c	G2c
KT388410.1	2015-01-08	2015-01-08	G2c	G2c
KU556287.1	2015	2015	G2c	G2c
KU556276.1	2015	2015	G2c	G2c
KU556278.1	2015	2015	G2c	G2c
KU556280.1	2015	2015	G2c	G2c
KU556279.1	2015	2015	G2c	G2c
KU556281.1	2015	2015	G2c	G2c
KU237223.1	2015-03-01	2015-03-01	G2c	G2c
KU133238.1	2014-04-04	2014-04-04	G2c	G2c
KU133259.1	2014-04-04	2014-04-04	G2c	G2c
KU237222.1	2014-10-01	2014-10-01	G2c	G2c
KU237233.1	2015-05-01	2015-05-01	G2c	G2c
KU133251.1	2014-11-12	2014-11-12	G2c	G2c
KU133247.1	2014-03-09	2014-03-09	G2c	G2c
KU133248.1	2014-03-09	2014-03-09	G2c	G2c
PQ124012.1	2023-11-16	2023-11-16	G2c	G2c
PV536104.1	2024-02-28	2024-02-28	G2c	G2c
PV536105.1	2024-02-28	2024-02-28	G2c	G2c
PP901939.1	2023-02	2023-02	G2c	G2c
PP901940.1	2022-12	2022-12	G2c	G2c
MZ570133.1	2020-07-10	2020-07-10	G2c	G2c
OR808020.1	2023-03-10	2023-03-10	G2c	G2c
PP580829.1	2021	2021	G2c	G2c
OQ122115.1	2021-11-21	2021-11-21	G2c	G2c
PV890856.1	2023-12-06	2023-12-06	G2c	G2c
PV890858.1	2023-11-29	2023-11-29	G2c	G2c
PV890859.1	2023-11-29	2023-11-29	G2c	G2c
OP529823.1	2019	2019	G2c	G2c
MG198646.1	2016-02	2016-02	G2c	G2c
KT428879.1	2014-05	2014-05	G2c	G2c
KU252649.1	2014-05-08	2014-05-08	G2c	G2c
PX229703.1	2021	2021	G2c	G2c
PX229691.1	2021	2021	G2c	G2c
MG198657.1	2015-07	2015-07	G2c	G2c
MG198666.1	2015-05	2015-05	G2c	G2c
PX229692.1	2021	2021	G2c	G2c
MG198658.1	2015-08	2015-08	G2c	G2c
MG198661.1	2015	2015	G2c	G2c
KM609206.1	2012-01	2012-01	G2c	G2c
MH726371.1	2014-01-09	2014-01-09	G2c	G2c
MF152597.1	2016	2016	G2c	G2c
KY649107.1	2016-05-01	2016-05-01	G2c	G2c
MK140814.1	2018	2018	G2c	G2c
MH991862.1	2018-04-27	2018-04-27	G2c	G2c
MK726310.1	2017-09	2017-09	G2c	G2c
KR296683.1	2015-01	2015-01	G2c	G2c
KU237219.1	2015-02-01	2015-02-01	G2c	G2c
KU237229.1	2014-12-01	2014-12-01	G2c	G2c
KU237230.1	2014-12-01	2014-12-01	G2c	G2c
KR809885.1	2015-03-18	2015-03-18	G2c	G2c
KU237217.1	2015-02-01	2015-02-01	G2c	G2c
KT989356.1	2015	2015	G2c	G2c
KT989362.1	2015	2015	G2c	G2c
MH991850.1	2018-01-23	2018-01-23	G2c	G2c
OQ122101.1	2021-10-27	2021-10-27	G2c	G2c
PP472646.1	2021-10-27	2021-10-27	G2c	G2c
KX812524.1	2016-08-01	2016-08-01	G2c	G2c
PV098397.1	2023-02-10	2023-02-10	G2c	G2c
OR085296.1	2022-12-01	2022-12-01	G2c	G2c
OR085297.1	2022-12-01	2022-12-01	G2c	G2c
PV536118.1	2023-03-26	2023-03-26	G2c	G2c
PV536117.1	2023-03-26	2023-03-26	G2c	G2c
PV536119.1	2023-03-26	2023-03-26	G2c	G2c
PV536120.1	2023-03-26	2023-03-26	G2c	G2c
PV536121.1	2023-03-26	2023-03-26	G2c	G2c
PX229689.1	2021	2021	G2c	G2c
MH991826.1	2016-12-30	2016-12-30	G2c	G2c
MK532982.1	2016-12-30	2016-12-30	G2c	G2c
MZ161066.1	2020-12	2020-12	G2c	G2c
OQ657293.1	2021-01-31	2021-01-31	G2c	G2c
PP395575.1	2020-12-14	2020-12-14	G2c	G2c
OP433743.1	2021-12-12	2021-12-12	G2c	G2c
OP433733.1	2021-04-12	2021-04-12	G2c	G2c
OP433740.1	2021-10-10	2021-10-10	G2c	G2c
PQ631046.1	2022-11-01	2022-11-01	G2c	G2c
OM948913.1	2020-12	2020-12	G2c	G2c
OM948914.1	2020-12	2020-12	G2c	G2c
PV523987.1	2024-01	2024-01	G2c	G2c
PV523957.1	2024-01	2024-01	G2c	G2c
PV523960.1	2024-01	2024-01	G2c	G2c
PP842666.1	2021	2021	G2c	G2c
PX229698.1	2021	2021	G2c	G2c
PX229694.1	2021	2021	G2c	G2c
MN893425.1	2017-06-01	2017-06-01	G2c	G2c
PX229695.1	2021	2021	G2c	G2c
PX229696.1	2021	2021	G2c	G2c
MN412571.1	2017	2017	G2c	G2c
PP580814.1	2020	2020	G2c	G2c
PP580815.1	2020	2020	G2c	G2c
PP580828.1	2020	2020	G2c	G2c
OR085291.1	2021-04-21	2021-04-21	G2c	G2c
OR085292.1	2021-04-21	2021-04-21	G2c	G2c
OR085289.1	2023-02-20	2023-02-20	G2c	G2c
OR085286.1	2023-02-20	2023-02-20	G2c	G2c
OR085290.1	2023-02-20	2023-02-20	G2c	G2c
OR085288.1	2023-02-20	2023-02-20	G2c	G2c
OR085287.1	2023-02-20	2023-02-20	G2c	G2c
PV536115.1	2023-08-14	2023-08-14	G2c	G2c
PV536116.1	2023-08-14	2023-08-14	G2c	G2c
PP901948.1	2024-02	2024-02	G2c	G2c
PV844375.1	2024-05	2024-05	G2c	G2c
PP901945.1	2023-07	2023-07	G2c	G2c
OL348059.1	2019-04-20	2019-04-20	G2c	G2c
OK642747.1	2019-04	2019-04	G2c	G2c
PP901942.1	2023-03	2023-03	G2c	G2c
PP901947.1	2023-07	2023-07	G2c	G2c
PP901934.1	2022-10	2022-10	G2c	G2c
PP901946.1	2024-01	2024-01	G2c	G2c
PP901951.1	2023-09	2023-09	G2c	G2c
PP901944.1	2022-10	2022-10	G2c	G2c
MZ161015.1	2020-11	2020-11	G2c	G2c
MZ161021.1	2020-11	2020-11	G2c	G2c
PP901933.1	2022-07	2022-07	G2c	G2c
PP901949.1	2023-05	2023-05	G2c	G2c
PV536113.1	2023-04-10	2023-04-10	G2c	G2c
PV536114.1	2023-04-10	2023-04-10	G2c	G2c
PP901950.1	2024-03	2024-03	G2c	G2c
OR085293.1	2022-06-28	2022-06-28	G2c	G2c
OR085294.1	2022-06-28	2022-06-28	G2c	G2c
OR804100.1	2022	2022	G2c	G2c
PV536100.1	2024-04-20	2024-04-20	G2c	G2c
OM948906.1	2020-12	2020-12	G2c	G2c
MH816969.1	2018-03	2018-03	G2c	G2c
MT294132.1	2018	2018	G2c	G2c
MT294128.1	2018	2018	G2c	G2c
MT294133.1	2018	2018	G2c	G2c
PP923930.1	2015-08	2015-08	G2c	G2c
MK598821.1	2018	2018	G2c	G2c
MG334008.1	2017-03	2017-03	G2c	G2c
PP923936.1	2017-05	2017-05	G2c	G2c
PP923937.1	2017-06	2017-06	G2c	G2c
PX619218.1	2024-10-03	2024-10-03	G2c	G2c
MH003891.1	2017-09	2017-09	G2c	G2c
MK690502.1	2016-03	2016-03	G2c	G2c
OQ504180.1	2022-07-10	2022-07-10	G2c	G2c
OQ504183.1	2022-08-15	2022-08-15	G2c	G2c
PV107499.1	2021	2021	G2c	G2c
PV235414.1	2024-11-14	2024-11-14	G2c	G2c
OP171894.1	2022-05	2022-05	G2c	G2c
OP235511.1	2022-07	2022-07	G2c	G2c
MG334009.1	2017-04	2017-04	G2c	G2c
MF346935.1	2016-07	2016-07	G2c	G2c
KY775045.1	2016-02	2016-02	G2c	G2c
MZ740472.1	2021-05-17	2021-05-17	G2c	G2c
OQ504185.1	2022-08-15	2022-08-15	G2c	G2c
OM393722.1	2020-09	2020-09	G2c	G2c
PP580826.1	2020	2020	G2c	G2c
MT294129.1	2018	2018	G2c	G2c
MH053419.1	2017-03-04	2017-03-04	G2c	G2c
MZ161063.1	2020-12	2020-12	G2c	G2c
PP595924.1	2024-03-02	2024-03-02	G2c	G2c
PV536097.1	2023-12-24	2023-12-24	G2c	G2c
MZ161017.1	2020-11	2020-11	G2c	G2c
MZ161009.1	2020-12	2020-12	G2c	G2c
OR734225.1	2020	2020	G2c	G2c
MZ740471.1	2021-04-15	2021-04-15	G2c	G2c
OL446967.1	2021	2021	G2c	G2c
OR085234.1	2023-03-01	2023-03-01	G2c	G2c
OR085232.1	2023-03-01	2023-03-01	G2c	G2c
OR085233.1	2023-03-01	2023-03-01	G2c	G2c
OM914738.1	2021-11-20	2021-11-20	G2c	G2c
OR085231.1	2022-07-12	2022-07-12	G2c	G2c
OR085230.1	2022-07-12	2022-07-12	G2c	G2c
OR085228.1	2022-07-12	2022-07-12	G2c	G2c
OR085229.1	2022-07-12	2022-07-12	G2c	G2c
MW826596.1	2017	2017	G2c	G2c
MH991833.1	2017-06-01	2017-06-01	G2c	G2c
MH053420.1	2018-03-05	2018-03-05	G2c	G2c
OP019336.1	2021-07-06	2021-07-06	G2c	G2c
MZ161061.1	2020-11	2020-11	G2c	G2c
MW826599.1	2017	2017	G2c	G2c
MK862249.1	2017-08	2017-08	G2c	G2c
MG020538.1	2016-09-13	2016-09-13	G2c	G2c
MT031820.1	2018-12-05	2018-12-05	G2c	G2c
MH991856.1	2018-03-23	2018-03-23	G2c	G2c
OQ412638.1	2018-06-25	2018-06-25	G2c	G2c
MH991852.1	2018-02-02	2018-02-02	G2c	G2c
OR808016.1	2021-01-13	2021-01-13	G2c	G2c
PX229690.1	2021	2021	G2c	G2c
MK250953.1	2018-02	2018-02	G2c	G2c
MZ161087.1	2020-04	2020-04	G2c	G2c
MT090137.1	2019	2019	G2c	G2c
MW143091.1	2018-01	2018-01	G2c	G2c
MW143092.1	2018-02	2018-02	G2c	G2c
ON068583.1	2018	2018	G2c	G2c
MT294131.1	2018	2018	G2c	G2c
MH991858.1	2018-03-23	2018-03-23	G2c	G2c
OQ349209.1	2020	2020	G2c	G2c
OQ349216.1	2020	2020	G2c	G2c
PP395593.1	2022-12-18	2022-12-18	G2c	G2c
MZ161001.1	2020-12	2020-12	G2c	G2c
MZ161019.1	2020-11	2020-11	G2c	G2c
MH991867.1	2018-05-28	2018-05-28	G2c	G2c
OR061129.1	2022-02	2022-02	G2c	G2c
MZ977202.1	2018-10	2018-10	G2c	G2c
MW143084.1	2018-08	2018-08	G2c	G2c
MW143085.1	2018-08	2018-08	G2c	G2c
PQ507872.1	2023	2023	G2c	G2c
MH061341.1	2018-01-12	2018-01-12	G2c	G2c
PP395589.1	2022-10-18	2022-10-18	G2c	G2c
OQ731918.1	2022-03-12	2022-03-12	G2c	G2c
OR526953.1	2020-01-31	2020-01-31	G2c	G2c
PV036765.1	2024	2024	G2c	G2c
PV844368.1	2024-10	2024-10	G2c	G2c
MW826594.1	2017	2017	G2c	G2c
ON417002.1	2019-01	2019-01	G2c	G2c
MZ161038.1	2020-09	2020-09	G2c	G2c
MZ161085.1	2020-09	2020-09	G2c	G2c
MZ161089.1	2020-07	2020-07	G2c	G2c
PV036773.1	2023	2023	G2c	G2c
PV036776.1	2023	2023	G2c	G2c
PV036777.1	2023	2023	G2c	G2c
MK685665.1	2019-03	2019-03	G2c	G2c
MH991853.1	2018-02-07	2018-02-07	G2c	G2c
MH678638.1	2018-07-10	2018-07-10	G2c	G2c
MZ364315.1	2019-01-11	2019-01-11	G2c	G2c
MZ364316.1	2019-01-17	2019-01-17	G2c	G2c
OQ718888.1	2021-05-17	2021-05-17	G2c	G2c
MH593893.1	2018-02-06	2018-02-06	G2c	G2c
PP395591.1	2022-11-21	2022-11-21	G2c	G2c
PP395592.1	2022-12-01	2022-12-01	G2c	G2c
MH061337.1	2017-01-05	2017-01-05	G2c	G2c
PP690527.1	2023-03-22	2023-03-22	G2c	G2c
PX482652.1	2024-06	2024-06	G2c	G2c
PV523963.1	2024-11	2024-11	G2c	G2c
PV409562.1	2022-04	2022-04	G2c	G2c
PV409560.1	2021-12	2021-12	G2c	G2c
PV409563.1	2021-11	2021-11	G2c	G2c
PV409559.1	2020-09	2020-09	G2c	G2c
OR234022.1	2021-11-05	2021-11-05	G2c	G2c
OL907257.1	2019	2019	G2c	G2c
OL907258.1	2019	2019	G2c	G2c
OR472492.1	2021-12-21	2021-12-21	G2c	G2c
PV409558.1	2019-10	2019-10	G2c	G2c
PV409561.1	2020-11	2020-11	G2c	G2c
MN617861.1	2018-03-23	2018-03-23	G2c	G2c
MW145532.1	2020	2020	G2c	G2c
MH053418.1	2017-09-18	2017-09-18	G2c	G2c
MH061339.1	2017-11-27	2017-11-27	G2c	G2c
MW915419.1	2017	2017	G2c	G2c
MK533007.1	2018-06-29	2018-06-29	G2c	G2c
MH726383.1	2017-02-27	2017-02-27	G2c	G2c
MH991846.1	2018-06-15	2018-06-15	G2c	G2c
MK533006.1	2018-06-15	2018-06-15	G2c	G2c
PV146387.1	2022	2022	G2c	G2c
PV146389.1	2022	2022	G2c	G2c
PX229697.1	2021	2021	G2c	G2c
MH991860.1	2018-04-27	2018-04-27	G2c	G2c
OM201219.1	2018	2018	G2c	G2c
OM201220.1	2018	2018	G2c	G2c
OP171890.1	2019-10	2019-10	G2c	G2c
OR001821.1	2020-05-18	2020-05-18	G2c	G2c
OP171889.1	2018-08	2018-08	G2c	G2c
PX619214.1	2024-10-03	2024-10-03	G2c	G2c
OL841533.1	2020-09-25	2020-09-25	G2c	G2c
OL870433.1	2021-06-19	2021-06-19	G2c	G2c
OL841536.1	2021-04-18	2021-04-18	G2c	G2c
OL841537.1	2021-04-20	2021-04-20	G2c	G2c
OL870435.1	2021-09-20	2021-09-20	G2c	G2c
PQ846960.1	2024-02-08	2024-02-08	G2c	G2c
PV523996.1	2024-11	2024-11	G2c	G2c
PP083729.1	2022	2022	G2c	G2c
PV523979.1	2024-12	2024-12	G2c	G2c
PV609795.1	2024	2024	G2c	G2c
PV641633.1	2024	2024	G2c	G2c
PV641634.1	2024	2024	G2c	G2c
PV641635.1	2024	2024	G2c	G2c
OQ288925.1	2023-01	2023-01	G2c	G2c
PP395579.1	2021-04-06	2021-04-06	G2c	G2c
PQ124008.1	2023-10-03	2023-10-03	G2c	G2c
PV523977.1	2024-09	2024-09	G2c	G2c
PV523990.1	2024-06	2024-06	G2c	G2c
PV523958.1	2024-02	2024-02	G2c	G2c
PV609794.1	2024	2024	G2c	G2c
PV523965.1	2024-09	2024-09	G2c	G2c
PV523968.1	2024-11	2024-11	G2c	G2c
PV523970.1	2024-12	2024-12	G2c	G2c
PV523966.1	2024-12	2024-12	G2c	G2c
PV523986.1	2024-05	2024-05	G2c	G2c
PV523981.1	2024-07	2024-07	G2c	G2c
PV523974.1	2024-03	2024-03	G2c	G2c
PV523962.1	2024-08	2024-08	G2c	G2c
PV523975.1	2024-04	2024-04	G2c	G2c
MH991851.1	2018-02-02	2018-02-02	G2c	G2c
MK644605.1	2018-02-02	2018-02-02	G2c	G2c
MN893421.1	2018-01-01	2018-01-01	G2c	G2c
OR001822.1	2020-05-18	2020-05-18	G2c	G2c
OP171886.1	2019-01	2019-01	G2c	G2c
MG020541.1	2016-12-22	2016-12-22	G2c	G2c
MG020547.1	2016-03-04	2016-03-04	G2c	G2c
MH991863.1	2018-04-27	2018-04-27	G2c	G2c
MG020539.1	2016-11-19	2016-11-19	G2c	G2c
MG020551.1	2016-03-18	2016-03-18	G2c	G2c
PQ682538.1	2022-10	2022-10	G2c	G2c
OL347994.1	2021-10	2021-10	G2c	G2c
OM201221.1	2018	2018	G2c	G2c
MZ161026.1	2020-10	2020-10	G2c	G2c
PV523980.1	2024-11	2024-11	G2c	G2c
MN412557.1	2018	2018	G2c	G2c
PV691661.1	2019	2019	G2c	G2c
MH581489.1	2017-07-20	2017-07-20	G2c	G2c
PX229705.1	2021	2021	G2c	G2c
PX229699.1	2021	2021	G2c	G2c
PX229700.1	2021	2021	G2c	G2c
MG198637.1	2016-01	2016-01	G2c	G2c
OQ349200.1	2021	2021	G2c	G2c
OQ349222.1	2021	2021	G2c	G2c
KY496313.1	2015-07-15	2015-07-15	G2c	G2c
KY496315.1	2016-01-20	2016-01-20	G2c	G2c
MH708243.1	2017-09-01	2017-09-01	G2c	G2c
MK532994.1	2017-09-04	2017-09-04	G2c	G2c
MH991834.1	2017-09-04	2017-09-04	G2c	G2c
OR501721.1	2022	2022	G2c	G2c
MW478761.1	2018	2018	G2c	G2c
MH593153.1	2018-06-28	2018-06-28	G2c	G2c
MK656507.1	2018-06-10	2018-06-10	G2c	G2c
MH593144.1	2018-05-23	2018-05-23	G2c	G2c
MK533009.1	2018-01-23	2018-01-23	G2c	G2c
MH726405.1	2016-12-06	2016-12-06	G2c	G2c
MZ669839.1	2018-12	2018-12	G2c	G2c
MZ669836.1	2018-12	2018-12	G2c	G2c
MZ669838.1	2018-12	2018-12	G2c	G2c
MZ669837.1	2018-12	2018-12	G2c	G2c
MZ669840.1	2018-12	2018-12	G2c	G2c
MF152604.1	2017	2017	G2c	G2c
MH726403.1	2017-02-24	2017-02-24	G2c	G2c
MH726404.1	2017-12-17	2017-12-17	G2c	G2c
KY928065.1	2016-03	2016-03	G2c	G2c
PP395581.1	2021-11-03	2021-11-03	G2c	G2c
MG334002.1	2016-03	2016-03	G2c	G2c
MG334003.1	2016-03	2016-03	G2c	G2c
MH991835.1	2017-09-03	2017-09-03	G2c	G2c
OR601542.1	2022	2022	G2c	G2c
OR601543.1	2022	2022	G2c	G2c
MN412572.1	2017	2017	G2c	G2c
MZ342899.1	2017	2017	G2c	G2c
MF152603.1	2017	2017	G2c	G2c
OQ122099.1	2022-03-23	2022-03-23	G2c	G2c
PP472644.1	2022-03-23	2022-03-23	G2c	G2c
MF807951.1	2017-02-19	2017-02-19	G2c	G2c
MK532990.1	2017-02-19	2017-02-19	G2c	G2c
MK532991.1	2017-02-19	2017-02-19	G2c	G2c
OQ122088.1	2022-06-24	2022-06-24	G2c	G2c
PP472643.1	2022-06-24	2022-06-24	G2c	G2c
OR001818.1	2021-04-07	2021-04-07	G2c	G2c
OP171893.1	2021-08	2021-08	G2c	G2c
OP171897.1	2021-10	2021-10	G2c	G2c
OP171895.1	2021-10	2021-10	G2c	G2c
OR001820.1	2022-07-31	2022-07-31	G2c	G2c
OR001819.1	2021-04-07	2021-04-07	G2c	G2c
OR001823.1	2021-04-07	2021-04-07	G2c	G2c
OQ657291.1	2021-01-31	2021-01-31	G2c	G2c
OQ657292.1	2021-01-31	2021-01-31	G2c	G2c
OQ979200.1	2021	2021	G2c	G2c
PV523971.1	2024-12	2024-12	G2c	G2c
PX437825.1	2024	2024	G2c	G2c
PV609799.1	2024	2024	G2c	G2c
PX482651.1	2024-03	2024-03	G2c	G2c
PP003006.1	2023	2023	G2c	G2c
PV614333.1	2024	2024	G2c	G2c
PV164718.1	2022-11-24	2022-11-24	G2c	G2c
PP395580.1	2021-10-16	2021-10-16	G2c	G2c
OR418363.1	2022	2022	G2c	G2c
OR418364.1	2022	2022	G2c	G2c
OR085312.1	2023-02-06	2023-02-06	G2c	G2c
OQ122113.1	2021-12-25	2021-12-25	G2c	G2c
OM948912.1	2020-12	2020-12	G2c	G2c
ON417004.1	2019-01	2019-01	G2c	G2c
MH991849.1	2017-12-29	2017-12-29	G2c	G2c
MZ669844.1	2018-12	2018-12	G2c	G2c
MZ669845.1	2018-12	2018-12	G2c	G2c
ON745405.1	2017-06-25	2017-06-25	G2c	G2c
MZ364311.1	2017-12-22	2017-12-22	G2c	G2c
MZ364312.1	2018-01-15	2018-01-15	G2c	G2c
MG334010.1	2017-04	2017-04	G2c	G2c
MG198670.1	2016	2016	G2c	G2c
MW143094.1	2016-10	2016-10	G2c	G2c
MG334007.1	2016-12	2016-12	G2c	G2c
KY775042.1	2016-03	2016-03	G2c	G2c
MN213154.1	2019-01	2019-01	G2c	G2c
MH593147.1	2018-05-31	2018-05-31	G2c	G2c
MK138353.1	2016	2016	G2c	G2c
MH991832.1	2017-06-01	2017-06-01	G2c	G2c
MK644601.1	2017-06-01	2017-06-01	G2c	G2c
MH726402.1	2016-05-06	2016-05-06	G2c	G2c
KY775046.1	2016-02	2016-02	G2c	G2c
KY775047.1	2016-08	2016-08	G2c	G2c
KY775048.1	2016-08	2016-08	G2c	G2c
KY775050.1	2016-08	2016-08	G2c	G2c
MW143083.1	2017-05	2017-05	G2c	G2c
MF152596.1	2017	2017	G2c	G2c
MF152602.1	2016	2016	G2c	G2c
PP395577.1	2021-01-16	2021-01-16	G2c	G2c
ON417001.1	2019-01	2019-01	G2c	G2c
OR992088.1	2017-10	2017-10	G2c	G2c
MH726406.1	2017-02-25	2017-02-25	G2c	G2c
MH726407.1	2017-02-25	2017-02-25	G2c	G2c
OQ269588.1	2019-04-20	2019-04-20	G2c	G2c
MN412567.1	2017	2017	G2c	G2c
MN412570.1	2017	2017	G2c	G2c
MH991837.1	2017-10-27	2017-10-27	G2c	G2c
MK644603.1	2017-10-27	2017-10-27	G2c	G2c
MK532998.1	2017-10-27	2017-10-27	G2c	G2c
MK533001.1	2017-10-27	2017-10-27	G2c	G2c
MK532999.1	2017-10-27	2017-10-27	G2c	G2c
MK533000.1	2017-10-27	2017-10-27	G2c	G2c
MG020543.1	2016-11-17	2016-11-17	G2c	G2c
MG020546.1	2016-04-11	2016-04-11	G2c	G2c
PQ349477.1	2024	2024	G2c	G2c
OM863585.1	2020-04	2020-04	G2c	G2c
MZ161040.1	2020-07	2020-07	G2c	G2c
OR567507.1	2022-08-15	2022-08-15	G2c	G2c
MT683907.1	2019	2019	G2c	G2c
MT683908.1	2019	2019	G2c	G2c
MH991861.1	2018-04-27	2018-04-27	G2c	G2c
PP923940.1	2019-12	2019-12	G2c	G2c
PX229693.1	2021	2021	G2c	G2c
PX229701.1	2021	2021	G2c	G2c
OM948908.1	2021-01	2021-01	G2c	G2c
MZ669834.1	2018-12	2018-12	G2c	G2c
MZ669835.1	2018-12	2018-12	G2c	G2c
MZ669842.1	2018-12	2018-12	G2c	G2c
MZ669841.1	2017-12	2017-12	G2c	G2c
MZ669843.1	2018-12	2018-12	G2c	G2c
PP395590.1	2022-11-05	2022-11-05	G2c	G2c
MW478769.1	2018	2018	G2c	G2c
MH593149.1	2018-06-02	2018-06-02	G2c	G2c
PP580816.1	2020	2020	G2c	G2c
MZ570138.1	2020-07-12	2020-07-12	G2c	G2c
MZ570140.1	2020-10-25	2020-10-25	G2c	G2c
PV146388.1	2022	2022	G2c	G2c
PV146390.1	2022	2022	G2c	G2c
PQ316090.1	2023-01-07	2023-01-07	G2c	G2c
MK820041.1	2019-03	2019-03	G2c	G2c
PP580817.1	2020	2020	G2c	G2c
PV523991.1	2024-07	2024-07	G2c	G2c
MZ161052.1	2020-04	2020-04	G2c	G2c
MW826598.1	2017	2017	G2c	G2c
OR567506.1	2022-06-13	2022-06-13	G2c	G2c
MZ161053.1	2020-04	2020-04	G2c	G2c
MW826593.1	2017	2017	G2c	G2c
OR085249.1	2022	2022	G2c	G2c
OR567508.1	2022-08-15	2022-08-15	G2c	G2c
OR684450.1	2023	2023	G2c	G2c
PV235413.1	2024-11-14	2024-11-14	G2c	G2c
OM505025.1	2021-03-01	2021-03-01	G2c	G2c
OM948915.1	2020-12	2020-12	G2c	G2c
OM948916.1	2020-12	2020-12	G2c	G2c
MZ161013.1	2020-12	2020-12	G2c	G2c
MZ161077.1	2020-12	2020-12	G2c	G2c
MZ161084.1	2020-10	2020-10	G2c	G2c
OQ349219.1	2021	2021	G2c	G2c
OQ349220.1	2021	2021	G2c	G2c
MZ161068.1	2021-01	2021-01	G2c	G2c
OQ349223.1	2021	2021	G2c	G2c
OP019352.1	2021-12-15	2021-12-15	G2c	G2c
ON248875.1	2021-12	2021-12	G2c	G2c
OM948927.1	2021-09	2021-09	G2c	G2c
OR085245.1	2022-05-01	2022-05-01	G2c	G2c
OR085246.1	2022-05-01	2022-05-01	G2c	G2c
OR085247.1	2022-05-01	2022-05-01	G2c	G2c
MW398867.1	2020-10-26	2020-10-26	G2c	G2c
OQ349218.1	2021	2021	G2c	G2c
PV523959.1	2024-03	2024-03	G2c	G2c
PV523961.1	2024-03	2024-03	G2c	G2c
OQ122096.1	2022-05-03	2022-05-03	G2c	G2c
OQ718908.1	2023-02-18	2023-02-18	G2c	G2c
OQ122093.1	2022-05-31	2022-05-31	G2c	G2c
OQ718907.1	2023-01-17	2023-01-17	G2c	G2c
OQ122107.1	2022-06-14	2022-06-14	G2c	G2c
PV536062.1	2023-11-10	2023-11-10	G2c	G2c
PV536065.1	2023-08-02	2023-08-02	G2c	G2c
PV536063.1	2023-08-02	2023-08-02	G2c	G2c
PV536064.1	2023-08-02	2023-08-02	G2c	G2c
MZ161003.1	2020-12	2020-12	G2c	G2c
OQ349228.1	2022-04	2022-04	G2c	G2c
OR085272.1	2023-02-07	2023-02-07	G2c	G2c
OR085273.1	2023-02-07	2023-02-07	G2c	G2c
OQ718886.1	2021-04-24	2021-04-24	G2c	G2c
OQ718884.1	2021-04-24	2021-04-24	G2c	G2c
OQ718885.1	2021-04-24	2021-04-24	G2c	G2c
OL762459.1	2021-04	2021-04	G2c	G2c
OL762460.1	2020-12	2020-12	G2c	G2c
OQ122116.1	2021-12-16	2021-12-16	G2c	G2c
OQ122089.1	2022-06-14	2022-06-14	G2c	G2c
OQ122084.1	2021-01-12	2021-01-12	G2c	G2c
OL361788.1	2021-02	2021-02	G2c	G2c
PP472642.1	2021-01-12	2021-01-12	G2c	G2c
ON988092.1	2019-11-20	2019-11-20	G2c	G2c
ON988090.1	2019-01-26	2019-01-26	G2c	G2c
ON988089.1	2020-12-07	2020-12-07	G2c	G2c
ON988094.1	2020-11-24	2020-11-24	G2c	G2c
PP580818.1	2020	2020	G2c	G2c
PP958821.1	2020	2020	G2c	G2c
OP019351.1	2022-01-04	2022-01-04	G2c	G2c
ON248878.1	2022-01	2022-01	G2c	G2c
PV389919.1	2024	2024	G2c	G2c
OR085248.1	2022-10-06	2022-10-06	G2c	G2c
OM948919.1	2021-03	2021-03	G2c	G2c
PV614327.1	2023	2023	G2c	G2c
OM948923.1	2021-04	2021-04	G2c	G2c
OM948924.1	2021-04	2021-04	G2c	G2c
OM948926.1	2021-04	2021-04	G2c	G2c
MW145534.1	2020	2020	G2c	G2c
OQ657294.1	2021-01-31	2021-01-31	G2c	G2c
OL855981.1	2018-11	2018-11	G2c	G2c
OL855985.1	2020-11	2020-11	G2c	G2c
MZ161020.1	2020-11	2020-11	G2c	G2c
MZ570148.1	2020-12-18	2020-12-18	G2c	G2c
ON964511.1	2020-11-19	2020-11-19	G2c	G2c
PQ507871.1	2023	2023	G2c	G2c
OQ718890.1	2021-05-17	2021-05-17	G2c	G2c
OQ718901.1	2022-12-09	2022-12-09	G2c	G2c
OQ718909.1	2001-03	2001-03	G2c	G2c
OQ718906.1	2023-01-07	2023-01-07	G2c	G2c
OQ718911.1	2023-03-26	2023-03-26	G2c	G2c
PP911340.1	2024	2024	G2c	G2c
OL855980.1	2018-12	2018-12	G2c	G2c
OL855987.1	2021-11	2021-11	G2c	G2c
ON988093.1	2021-03-02	2021-03-02	G2c	G2c
MN617859.1	2018-02-28	2018-02-28	G2c	G2c
MN617865.1	2018-10-14	2018-10-14	G2c	G2c
MK820040.1	2019-03	2019-03	G2c	G2c
MN617858.1	2018-02-25	2018-02-25	G2c	G2c
MN161584.1	2019-04	2019-04	G2c	G2c
MN617866.1	2018-04-18	2018-04-18	G2c	G2c
MN617860.1	2018-02-19	2018-02-19	G2c	G2c
MN617867.1	2018-10-22	2018-10-22	G2c	G2c
OR195030.1	2022	2022	G2c	G2c
OR195031.1	2022	2022	G2c	G2c
OR195032.1	2022	2022	G2c	G2c
OR195033.1	2022	2022	G2c	G2c
ON988091.1	2021-01-21	2021-01-21	G2c	G2c
MK533003.1	2017-11-13	2017-11-13	G2c	G2c
PV164719.1	2022-03-08	2022-03-08	G2c	G2c
MZ161004.1	2020-12	2020-12	G2c	G2c
MZ161027.1	2020-10	2020-10	G2c	G2c
OQ718895.1	2022-07-05	2022-07-05	G2c	G2c
OQ718896.1	2022-07-05	2022-07-05	G2c	G2c
OQ269590.1	2020-04-26	2020-04-26	G2c	G2c
MZ740470.1	2021-03-18	2021-03-18	G2c	G2c
MK820037.1	2019-03	2019-03	G2c	G2c
MN617862.1	2018-04-03	2018-04-03	G2c	G2c
MK820039.1	2019-03	2019-03	G2c	G2c
MZ161058.1	2020-03	2020-03	G2c	G2c
PP906226.1	2023	2023	G2c	G2c
MK656506.1	2018-06-27	2018-06-27	G2c	G2c
MH593151.1	2018-06-22	2018-06-22	G2c	G2c
MH991857.1	2018-03-23	2018-03-23	G2c	G2c
MH991848.1	2017-12-22	2017-12-22	G2c	G2c
MK533008.1	2017-12-22	2017-12-22	G2c	G2c
MT294135.1	2018	2018	G2c	G2c
OM974570.1	2019-11	2019-11	G2c	G2c
MH991859.1	2018-04-13	2018-04-13	G2c	G2c
MZ570145.1	2020-12-02	2020-12-02	G2c	G2c
OL446966.1	2020	2020	G2c	G2c
PX229707.1	2021	2021	G2c	G2c
PX229708.1	2021	2021	G2c	G2c
PP906230.1	2023	2023	G2c	G2c
MZ161039.1	2020-09	2020-09	G2c	G2c
MZ161048.1	2020-05	2020-05	G2c	G2c
PP580822.1	2020	2020	G2c	G2c
PP580821.1	2020	2020	G2c	G2c
PP580824.1	2020	2020	G2c	G2c
PP580825.1	2020	2020	G2c	G2c
PP580819.1	2020	2020	G2c	G2c
PP580812.1	2020	2020	G2c	G2c
PP580827.1	2020	2020	G2c	G2c
OR501723.1	2022	2022	G2c	G2c
MZ161044.1	2020-07	2020-07	G2c	G2c
OQ349212.1	2020	2020	G2c	G2c
OQ657297.1	2021-01-31	2021-01-31	G2c	G2c
OQ979198.1	2021	2021	G2c	G2c
OQ979199.1	2021	2021	G2c	G2c
MH991866.1	2018-05-28	2018-05-28	G2c	G2c
MH991868.1	2018-05-28	2018-05-28	G2c	G2c
MZ161028.1	2020-10	2020-10	G2c	G2c
OR001816.1	2021-04-07	2021-04-07	G2c	G2c
MT294134.1	2018	2018	G2c	G2c
MF375374.1	2017-05-21	2017-05-21	G2c	G2c
MH593150.1	2018-06-08	2018-06-08	G2c	G2c
MZ161056.1	2020-03	2020-03	G2c	G2c
MZ161064.1	2020-12	2020-12	G2c	G2c
ON988086.1	2020-11-20	2020-11-20	G2c	G2c
ON988096.1	2021-03-02	2021-03-02	G2c	G2c
MZ161043.1	2020-07	2020-07	G2c	G2c
PP198349.1	2022-08-15	2022-08-15	G2c	G2c
OR567504.1	2022-01-28	2022-01-28	G2c	G2c
OR567505.1	2022-06-13	2022-06-13	G2c	G2c
MZ161057.1	2020-03	2020-03	G2c	G2c
OR576824.1	2022-10	2022-10	G2c	G2c
MZ161082.1	2020-09	2020-09	G2c	G2c
OL762456.1	2020-09	2020-09	G2c	G2c
OP245917.1	2020	2020	G2c	G2c
OR240110.1	2023-04-08	2023-04-08	G2c	G2c
OP433735.1	2021-06-04	2021-06-04	G2c	G2c
OP433745.1	2021-12-27	2021-12-27	G2c	G2c
OQ915150.1	2022-02	2022-02	G2c	G2c
PQ284573.1	2023	2023	G2c	G2c
OQ122085.1	2022-09-17	2022-09-17	G2c	G2c
PV536087.1	2023-04-14	2023-04-14	G2c	G2c
PV536088.1	2023-04-14	2023-04-14	G2c	G2c
PV536089.1	2023-04-14	2023-04-14	G2c	G2c
PV536084.1	2023-12-15	2023-12-15	G2c	G2c
PV536085.1	2023-12-15	2023-12-15	G2c	G2c
MZ570144.1	2020-11-28	2020-11-28	G2c	G2c
MZ161045.1	2020-06	2020-06	G2c	G2c
PP987385.1	2023	2023	G2c	G2c
MZ161051.1	2020-04	2020-04	G2c	G2c
PP580823.1	2020	2020	G2c	G2c
MZ570136.1	2020-11-30	2020-11-30	G2c	G2c
OQ657295.1	2021-01-31	2021-01-31	G2c	G2c
MZ161054.1	2020-04	2020-04	G2c	G2c
PV164735.1	2024-04-03	2024-04-03	G2c	G2c
MZ161088.1	2020-12	2020-12	G2c	G2c
MZ570149.1	2020-12-26	2020-12-26	G2c	G2c
MZ161042.1	2020-07	2020-07	G2c	G2c
PV235415.1	2021-08-15	2021-08-15	G2c	G2c
OQ718887.1	2021-05-10	2021-05-10	G2c	G2c
OL762461.1	2021-01	2021-01	G2c	G2c
OQ412639.1	2018-11-28	2018-11-28	G2c	G2c
ON960077.1	2021-05-15	2021-05-15	G2c	G2c
OQ718883.1	2021-05-15	2021-05-15	G2c	G2c
PV164730.1	2024-05-28	2024-05-28	G2c	G2c
PQ284566.1	2023	2023	G2c	G2c
PV609792.1	2023	2023	G2c	G2c
OR195027.1	2022	2022	G2c	G2c
OR195026.1	2022	2022	G2c	G2c
OR195028.1	2022	2022	G2c	G2c
OR195038.1	2022	2022	G2c	G2c
OQ718889.1	2021-05-17	2021-05-17	G2c	G2c
OP480878.1	2021-07-23	2021-07-23	G2c	G2c
OQ718891.1	2021-07-21	2021-07-21	G2c	G2c
OQ718894.1	2022-07-05	2022-07-05	G2c	G2c
OQ718900.1	2022-10-25	2022-10-25	G2c	G2c
MZ161062.1	2020-12	2020-12	G2c	G2c
OM948904.1	2020-12	2020-12	G2c	G2c
OM948905.1	2020-12	2020-12	G2c	G2c
MZ161010.1	2020-12	2020-12	G2c	G2c
OQ504179.1	2022-06-22	2022-06-22	G2c	G2c
MZ161011.1	2020-12	2020-12	G2c	G2c
MZ161065.1	2020-12	2020-12	G2c	G2c
OQ504178.1	2022-06-22	2022-06-22	G2c	G2c
OQ122086.1	2022-06-14	2022-06-14	G2c	G2c
MW145535.1	2020	2020	G2c	G2c
PQ870875.1	2025-01	2025-01	G2c	G2c
PP373526.1	2024-01	2024-01	G2c	G2c
PP999774.1	2024-01	2024-01	G2c	G2c
PP906227.1	2024	2024	G2c	G2c
PQ349478.1	2024	2024	G2c	G2c
PV844362.1	2023-10	2023-10	G2c	G2c
PV844363.1	2024-07	2024-07	G2c	G2c
PX619217.1	2024-10-03	2024-10-03	G2c	G2c
PX619216.1	2024-10-03	2024-10-03	G2c	G2c
PV641629.1	2024	2024	G2c	G2c
PV641630.1	2024	2024	G2c	G2c
PQ124001.1	2023-09-05	2023-09-05	G2c	G2c
PV844364.1	2025-01	2025-01	G2c	G2c
PV164724.1	2023-02-20	2023-02-20	G2c	G2c
PV536076.1	2022-12-01	2022-12-01	G2c	G2c
PV536077.1	2022-12-01	2022-12-01	G2c	G2c
PX482653.1	2024-01	2024-01	G2c	G2c
PV641628.1	2024	2024	G2c	G2c
PV890865.1	2024-01-20	2024-01-20	G2c	G2c
PQ642131.1	2024-04-01	2024-04-01	G2c	G2c
PX146708.1	2024	2024	G2c	G2c
PV146393.1	2023	2023	G2c	G2c
PV146394.1	2023	2023	G2c	G2c
PV641627.1	2024	2024	G2c	G2c
PV844376.1	2024-04	2024-04	G2c	G2c
PV844374.1	2024-01	2024-01	G2c	G2c
PV902815.1	2025-03	2025-03	G2c	G2c
PV935323.1	2023-07-29	2023-07-29	G2c	G2c
PX569374.1	2025-11	2025-11	G2c	G2c
PV164725.1	2023-04-14	2023-04-14	G2c	G2c
PV536098.1	2024-04-20	2024-04-20	G2c	G2c
PV890870.1	2024-12-12	2024-12-12	G2c	G2c
PV536094.1	2023-08-27	2023-08-27	G2c	G2c
PV536092.1	2023-08-27	2023-08-27	G2c	G2c
PV536095.1	2023-08-27	2023-08-27	G2c	G2c
PV536096.1	2023-08-27	2023-08-27	G2c	G2c
PV844365.1	2024-12	2024-12	G2c	G2c
PV235412.1	2024-01-31	2024-01-31	G2c	G2c
PV394113.1	2024	2024	G2c	G2c
PV394114.1	2024	2024	G2c	G2c
PX482650.1	2024-10	2024-10	G2c	G2c
PV609791.1	2024	2024	G2c	G2c
PV036767.1	2024	2024	G2c	G2c
PV036764.1	2024	2024	G2c	G2c
PV036780.1	2024	2024	G2c	G2c
PX387542.1	2025	2025	G2c	G2c
PV523993.1	2024-12	2024-12	G2c	G2c
PX470115.1	2024-11-20	2024-11-20	G2c	G2c
PP901941.1	2022-11	2022-11	G2c	G2c
PV523967.1	2024-03	2024-03	G2c	G2c
PV890866.1	2024-01-29	2024-01-29	G2c	G2c
PV523998.1	2024-11	2024-11	G2c	G2c
PP901936.1	2022-11	2022-11	G2c	G2c
PV536102.1	2024-01-16	2024-01-16	G2c	G2c
PV536103.1	2024-01-16	2024-01-16	G2c	G2c
PV098398.1	2023-02-10	2023-02-10	G2c	G2c
PQ124002.1	2023-05-09	2023-05-09	G2c	G2c
PX482648.1	2025-06	2025-06	G2c	G2c
PQ507869.1	2024	2024	G2c	G2c
PV890868.1	2025-02-24	2025-02-24	G2c	G2c
PV844372.1	2025-03	2025-03	G2c	G2c
PV844373.1	2024-12	2024-12	G2c	G2c
OP374023.1	2022-07	2022-07	G2c	G2c
PV890950.1	2025-05	2025-05	G2c	G2c
PQ870877.1	2025-01	2025-01	G2c	G2c
OQ122094.1	2022-05-29	2022-05-29	G2c	G2c
PQ349480.1	2024	2024	G2c	G2c
PQ123998.1	2024-03-21	2024-03-21	G2c	G2c
PV036778.1	2024	2024	G2c	G2c
PV036779.1	2024	2024	G2c	G2c
PV614336.1	2024	2024	G2c	G2c
PV641631.1	2024	2024	G2c	G2c
PP923949.1	2022-06	2022-06	G2c	G2c
PV890860.1	2024-12-02	2024-12-02	G2c	G2c
PV890861.1	2024-12-02	2024-12-02	G2c	G2c
PV536107.1	2023-09-19	2023-09-19	G2c	G2c
OR684452.1	2023	2023	G2c	G2c
PV609797.1	2023	2023	G2c	G2c
OR085250.1	2023-02-20	2023-02-20	G2c	G2c
PX737630.1	2025	2025	G2c	G2c
PV464256.1	2023	2023	G2c	G2c
PX229687.1	2021	2021	G2c	G2c
OR085251.1	2023-02-07	2023-02-07	G2c	G2c
OQ718904.1	2023-01-07	2023-01-07	G2c	G2c
OQ718893.1	2022-06-12	2022-06-12	G2c	G2c
OQ718905.1	2023-01-07	2023-01-07	G2c	G2c
OQ703966.1	2022-03-15	2022-03-15	G2c	G2c
OQ718910.1	2023-03-15	2023-03-15	G2c	G2c
ON960076.1	2021-12-22	2021-12-22	G2c	G2c
OQ718902.1	2022-12-22	2022-12-22	G2c	G2c
OQ718903.1	2022-12-22	2022-12-22	G2c	G2c
OQ718892.1	2021-08-01	2021-08-01	G2c	G2c
OQ718898.1	2022-08-16	2022-08-16	G2c	G2c
OQ718897.1	2022-08-16	2022-08-16	G2c	G2c
OQ718899.1	2022-08-16	2022-08-16	G2c	G2c
PQ284567.1	2023	2023	G2c	G2c
PV536070.1	2023	2023	G2c	G2c
PV536071.1	2023	2023	G2c	G2c
OR085261.1	2022-12-01	2022-12-01	G2c	G2c
PV536067.1	2024-01-15	2024-01-15	G2c	G2c
PV536075.1	2024-01-15	2024-01-15	G2c	G2c
PV536078.1	2024-01-15	2024-01-15	G2c	G2c
PV536068.1	2023	2023	G2c	G2c
PV536069.1	2023	2023	G2c	G2c
PV536072.1	2023	2023	G2c	G2c
PV844366.1	2025-02	2025-02	G2c	G2c
PX482655.1	2024-12	2024-12	G2c	G2c
PP901937.1	2022-12	2022-12	G2c	G2c
PP901938.1	2022-09	2022-09	G2c	G2c
PQ119498.1	2024	2024	G2c	G2c
OR808017.1	2022-02-01	2022-02-01	G2c	G2c
PV890855.1	2023-12-25	2023-12-25	G2c	G2c
PX737631.1	2025	2025	G2c	G2c
PQ124010.1	2024-02-10	2024-02-10	G2c	G2c
PV146398.1	2024	2024	G2c	G2c
PV146399.1	2024	2024	G2c	G2c
PV146401.1	2024	2024	G2c	G2c
ON988087.1	2019-12-18	2019-12-18	G2c	G2c
OP433730.1	2021-11-11	2021-11-11	G2c	G2c
OP433737.1	2021-11-18	2021-11-18	G2c	G2c
OR085253.1	2022-07-25	2022-07-25	G2c	G2c
OR085254.1	2022-07-25	2022-07-25	G2c	G2c
PP723330.1	2022-11	2022-11	G2c	G2c
PP723331.1	2023-12	2023-12	G2c	G2c
PQ507870.1	2023	2023	G2c	G2c
PV614337.1	2023	2023	G2c	G2c
OQ122097.1	2022-05-02	2022-05-02	G2c	G2c
OR684451.1	2023	2023	G2c	G2c
OQ122114.1	2021-12-25	2021-12-25	G2c	G2c
PQ316092.1	2023-01-04	2023-01-04	G2c	G2c
PV036768.1	2023	2023	G2c	G2c
MZ241108.1	2020-12-25	2020-12-25	G2c	G2c
PV409564.1	2020-12	2020-12	G2c	G2c
PV409566.1	2022-10	2022-10	G2c	G2c
PV409568.1	2022-03	2022-03	G2c	G2c
PV409565.1	2021-09	2021-09	G2c	G2c
PV409567.1	2021-04	2021-04	G2c	G2c
PP580800.1	2023-11-24	2023-11-24	G2c	G2c
PV146391.1	2023	2023	G2c	G2c
OQ122091.1	2022-06-06	2022-06-06	G2c	G2c
OQ122090.1	2022-06-07	2022-06-07	G2c	G2c
OR085257.1	2022-07-23	2022-07-23	G2c	G2c
OR085258.1	2022-07-23	2022-07-23	G2c	G2c
OR085255.1	2022-12-16	2022-12-16	G2c	G2c
PP901943.1	2023-04	2023-04	G2c	G2c
OR085259.1	2022-07-23	2022-07-23	G2c	G2c
OR085260.1	2022-07-23	2022-07-23	G2c	G2c
OQ504182.1	2022-07-10	2022-07-10	G2c	G2c
MZ570135.1	2020-10-22	2020-10-22	G2c	G2c
PV523984.1	2024-01	2024-01	G2c	G2c
OP019341.1	2021-12-16	2021-12-16	G2c	G2c
ON248876.1	2021-12	2021-12	G2c	G2c
OM974580.1	2021-03	2021-03	G2c	G2c
OM974578.1	2021-03	2021-03	G2c	G2c
OM974579.1	2021-03	2021-03	G2c	G2c
MZ161007.1	2020-12	2020-12	G2c	G2c
MZ570137.1	2020-06-05	2020-06-05	G2c	G2c
OP019340.1	2021-12-16	2021-12-16	G2c	G2c
ON248877.1	2021-12	2021-12	G2c	G2c
OL762457.1	2021-02	2021-02	G2c	G2c
OP374016.1	2022-05	2022-05	G2c	G2c
OM948909.1	2021-01	2021-01	G2c	G2c
MZ570146.1	2020-12-07	2020-12-07	G2c	G2c
MZ570147.1	2020-12-11	2020-12-11	G2c	G2c
MZ161072.1	2021-02	2021-02	G2c	G2c
PV982377.1	2023-04	2023-04	G2c	G2c
PV523972.1	2024-01	2024-01	G2c	G2c
PV125746.1	2023-03	2023-03	G2c	G2c
PV935324.1	2023-11-12	2023-11-12	G2c	G2c
OR085277.1	2022-06-18	2022-06-18	G2c	G2c
PP901952.1	2023-12	2023-12	G2c	G2c
OR085278.1	2022-06-18	2022-06-18	G2c	G2c
OR085279.1	2022-06-18	2022-06-18	G2c	G2c
OP374017.1	2022-05	2022-05	G2c	G2c
PV609793.1	2023	2023	G2c	G2c
PP923950.1	2022-06	2022-06	G2c	G2c
PP923951.1	2022-06	2022-06	G2c	G2c
PV164723.1	2023-05-21	2023-05-21	G2c	G2c
OQ122110.1	2022-03-16	2022-03-16	G2c	G2c
OQ122112.1	2022-03-07	2022-03-07	G2c	G2c
OQ122087.1	2022-04-06	2022-04-06	G2c	G2c
PQ124004.1	2024-01-21	2024-01-21	G2c	G2c
PV389918.1	2025	2025	G2c	G2c
PQ870876.1	2025-01	2025-01	G2c	G2c
PV164732.1	2024-07-22	2024-07-22	G2c	G2c
OP019338.1	2021-08-12	2021-08-12	G2c	G2c
PX705503.1	2023-09-15	2023-09-15	G2c	G2c
ON248873.1	2021-09	2021-09	G2c	G2c
PV890869.1	2024-11-14	2024-11-14	G2c	G2c
PV250054.1	2023-04	2023-04	G2c	G2c
PV250055.1	2023-04	2023-04	G2c	G2c
PQ014389.1	2024-04-14	2024-04-14	G2c	G2c
PV164726.1	2023-02-17	2023-02-17	G2c	G2c
PP580803.1	2023	2023	G2c	G2c
PV837602.1	2023-06-28	2023-06-28	G2c	G2c
PP395568.1	2020-02-06	2020-02-06	G2c	G2c
PP623116.1	2022-11-15	2022-11-15	G2c	G2c
ON058991.1	2021-01	2021-01	G2c	G2c
OL944723.1	2021-01	2021-01	G2c	G2c
ON058992.1	2021-01	2021-01	G2c	G2c
MZ161079.1	2020-05	2020-05	G2c	G2c
OP019335.1	2022-03-23	2022-03-23	G2c	G2c
ON248882.1	2022-03	2022-03	G2c	G2c
MZ161050.1	2020-04	2020-04	G2c	G2c
OQ122095.1	2022-05-26	2022-05-26	G2c	G2c
PV890867.1	2024-02-18	2024-02-18	G2c	G2c
PV890862.1	2024-02-14	2024-02-14	G2c	G2c
PV890863.1	2024-02-14	2024-02-14	G2c	G2c
PP395573.1	2020-11-12	2020-11-12	G2c	G2c
MT683905.1	2019	2019	G2c	G2c
MT683906.1	2019	2019	G2c	G2c
OM974574.1	2021-03	2021-03	G2c	G2c
OM974577.1	2021-03	2021-03	G2c	G2c
OM974576.1	2021-03	2021-03	G2c	G2c
OM974572.1	2021-03	2021-03	G2c	G2c
OM974575.1	2021-03	2021-03	G2c	G2c
PV523982.1	2024-01	2024-01	G2c	G2c
PV523983.1	2024-03	2024-03	G2c	G2c
OL841535.1	2021-04-14	2021-04-14	G2c	G2c
OL870434.1	2021-08-15	2021-08-15	G2c	G2c
OL841534.1	2020-10-21	2020-10-21	G2c	G2c
OL841538.1	2021-05-20	2021-05-20	G2c	G2c
PV523992.1	2024-11	2024-11	G2c	G2c
OR085275.1	2023-02-20	2023-02-20	G2c	G2c
OR085274.1	2023-02-20	2023-02-20	G2c	G2c
PP537163.1	2023-01-01	2023-01-01	G2c	G2c
OR089086.1	2023-02	2023-02	G2c	G2c
PP442050.1	2023-01-01	2023-01-01	G2c	G2c
MZ161055.1	2020-04	2020-04	G2c	G2c
PQ124005.1	2024-02-19	2024-02-19	G2c	G2c
PV523976.1	2024-09	2024-09	G2c	G2c
MZ161071.1	2021-01	2021-01	G2c	G2c
PV523973.1	2024-04	2024-04	G2c	G2c
MZ570139.1	2020-09-17	2020-09-17	G2c	G2c
OL762458.1	2020-10	2020-10	G2c	G2c
MZ161008.1	2020-12	2020-12	G2c	G2c
PQ124003.1	2024-02-12	2024-02-12	G2c	G2c
PQ124011.1	2023-11-20	2023-11-20	G2c	G2c
MZ161075.1	2021-03	2021-03	G2c	G2c
OR567509.1	2022-08-15	2022-08-15	G2c	G2c
OR587951.1	2023-03-10	2023-03-10	G2c	G2c
OQ269592.1	2022-02-25	2022-02-25	G2c	G2c
PV890854.1	2023-11-28	2023-11-28	G2c	G2c
PV890852.1	2023-11-28	2023-11-28	G2c	G2c
PV890853.1	2023-11-28	2023-11-28	G2c	G2c
PV614328.1	2023	2023	G2c	G2c
OP019350.1	2022-01-22	2022-01-22	G2c	G2c
ON248879.1	2022-02	2022-02	G2c	G2c
OM948911.1	2020-12	2020-12	G2c	G2c
MZ161016.1	2020-11	2020-11	G2c	G2c
MW452940.1	2020	2020	G2c	G2c
OQ504181.1	2022-07-10	2022-07-10	G2c	G2c
MZ570141.1	2020-11-09	2020-11-09	G2c	G2c
OM974565.1	2020-06	2020-06	G2c	G2c
OM974566.1	2020-06	2020-06	G2c	G2c
PQ123997.1	2023-09-25	2023-09-25	G2c	G2c
PQ124006.1	2024-01-11	2024-01-11	G2c	G2c
OM948917.1	2020-12	2020-12	G2c	G2c
OM948918.1	2020-12	2020-12	G2c	G2c
PV523978.1	2024-09	2024-09	G2c	G2c
ON968723.1	2022-03-20	2022-03-20	G2c	G2c
OR085271.1	2022-07-01	2022-07-01	G2c	G2c
PV523997.1	2024-04	2024-04	G2c	G2c
OP433744.1	2021-12-21	2021-12-21	G2c	G2c
OP433734.1	2021-04-20	2021-04-20	G2c	G2c
OP433741.1	2021-10-17	2021-10-17	G2c	G2c
OP852659.1	2022-09	2022-09	G2c	G2c
OM948907.1	2020-12	2020-12	G2c	G2c
OR085270.1	2022	2022	G2c	G2c
OP433732.1	2021-03-21	2021-03-21	G2c	G2c
OP433739.1	2021-11-02	2021-11-02	G2c	G2c
OP433731.1	2021-08-05	2021-08-05	G2c	G2c
OP433738.1	2021-11-24	2021-11-24	G2c	G2c
PX229709.1	2021	2021	G2c	G2c
PV523964.1	2024-11	2024-11	G2c	G2c
OR808015.1	2023-03-10	2023-03-10	G2c	G2c
PV800119.1	2025-03	2025-03	G2c	G2c
OR085269.1	2022	2022	G2c	G2c
PV523985.1	2024-03	2024-03	G2c	G2c
PV523988.1	2024-03	2024-03	G2c	G2c
OP852657.1	2022-09	2022-09	G2c	G2c
OP852658.1	2022-09	2022-09	G2c	G2c
PP901932.1	2022-05	2022-05	G2c	G2c
OR085267.1	2022-06-19	2022-06-19	G2c	G2c
OR085268.1	2022-06-19	2022-06-19	G2c	G2c
MZ740469.1	2021-03-02	2021-03-02	G2c	G2c
PV523999.1	2024-01	2024-01	G2c	G2c
PV524000.1	2024-01	2024-01	G2c	G2c
PV524001.1	2024-06	2024-06	G2c	G2c
PV524002.1	2024-08	2024-08	G2c	G2c
PV524003.1	2024-12	2024-12	G2c	G2c
PP580802.1	2023	2023	G2c	G2c
OQ269591.1	2021-12-29	2021-12-29	G2c	G2c
PV536060.1	2023-05-16	2023-05-16	G2c	G2c
PV536061.1	2023-05-16	2023-05-16	G2c	G2c
PQ349479.1	2024	2024	G2c	G2c
PV890864.1	2024-01-20	2024-01-20	G2c	G2c
PV523994.1	2024-12	2024-12	G2c	G2c
PV523995.1	2024-12	2024-12	G2c	G2c
