accession	clade
AB857234.1	G2b
JN599150.1	G1b
JN825706.1	G2b
JN825707.1	G2b
JN825708.1	G2b
JN825709.1	G2b
JN825710.1	G2b
JN825711.1	G2b
JN825712.1	G2a
JN980698.1	G2b
JQ239429.1	G2b
JQ239432.1	G1b
JQ239434.1	S-INDEL
JQ239436.1	G2a
JQ257005.1	G2a
JQ257006.1	G2a
JQ257007.1	G2a
JQ282909.1	G2a
JQ517274.1	G2b
JQ627653.1	G2b
JQ627654.1	G2a
JQ638915.1	G2b
JQ638916.1	G2b
JQ638917.1	G2a
JQ638918.1	G2b
JQ638919.1	G2a
JQ638920.1	G2b
JQ638921.1	G1a
JQ638922.1	G2b
JQ638924.1	G1b
JQ771751.1	G2a
JQ771752.1	G2a
JQ771753.1	G2a
JQ979287.1	S-INDEL
JQ979289.1	G2a
JQ979290.1	S-INDEL
JQ979291.1	G2a
JX018179.1	G2b
JX018180.1	G1a
JX018182.1	G2a
JX018183.1	G2a
JX070671.1	G2b
JX088695.1	G2a
JX145339.1	G2b
JX163294.1	G2a
JX188454.1	G2b
JX242454.1	G2b
JX242455.1	G2b
JX242456.1	G2b
JX242457.1	G2b
JX242458.1	G2b
JX242459.1	G2a
JX242460.1	G2b
JX242461.1	G2b
JX242463.1	G2b
JX242464.1	S-INDEL
JX258672.1	G2b
JX261936.1	G2b
JX435298.1	G2a
JX435299.1	G2b
JX435300.1	G2a
JX435301.1	G2a
JX435302.1	G2a
JX435303.1	G2a
JX435304.1	G2a
JX435305.1	G2a
JX489155.1	G2b
JX501317.1	G2a
JX501319.1	G2a
JX501320.1	G2a
JX501321.1	G2a
JX501322.1	G2a
JX501323.1	G2a
JX512907.1	G2a
JX524137.1	G2b
JX647847.1	G2b
KC140102.1	G2b
KC196276.1	G2a
KC210145.1	G2a
KC210146.1	G1b
KC210147.1	G2a
KC242897.1	G2b
KC242898.1	G2b
KC242899.1	G2a
KC242900.1	G2b
KC242901.1	G2b
KC242902.1	G2b
KC242903.1	G2b
KC242904.1	G2a
KC242905.1	G2b
KC242906.1	G2b
KC242907.1	G2b
KC242908.1	G2b
KC242909.1	G2b
KC242910.1	G2b
KC242911.1	G2b
KC242912.1	G2b
KC787536.1	G2b
KC787537.1	G2a
KC787538.1	G2a
KC787540.1	G2a
KC787541.1	G2a
KC787542.1	G2a
KC787544.1	G2b
KC787545.1	G2a
KF177255.1	G2a
KF177256.1	G2a
KF177257.1	G2a
KF177258.1	G2a
KF294254.1	G2a
KF294255.1	G2a
KF294256.1	G2b
KF384500.1	G2b
KF453510.1	G2a
KF453511.1	G2b
KF453512.1	G2b
KF453514.1	G2a
KF453515.1	G2a
KF453516.1	G2b
KF453517.1	G2a
KF468755.1	G2a
KF546800.1	G2a
KF546801.1	G2a
KF546802.1	G2a
KF546803.1	G2a
KF546804.1	G2a
KF577730.1	G2b
KF577731.1	G2a
KF601195.1	G2b
KF601196.1	G2a
KF601197.1	G2b
KF601198.1	G2a
KF601199.1	G2b
KF601200.1	G2a
KF601201.1	G2a
KF738258.1	G2a
KF738259.1	G2a
KF738260.1	G2a
KF738261.1	G2a
KF738262.1	G2a
KF738263.1	G2a
KF738264.1	G2b
KF760557.2	G2a
KF761675.1	G2b
KF840537.1	G2a
KF840538.1	G2b
KF840539.1	G2a
KF840540.1	G2b
KF840541.1	G2b
KF840542.1	G2b
KF840543.1	G2b
KF840544.1	G2b
KF840545.1	G2b
KF840546.1	G2a
KF840547.1	G2a
KF840548.1	G2a
KF840549.1	G2b
KF840550.1	G2b
KF840551.1	G2c
KF840552.1	G2a
KF840553.1	G2a
KF840554.1	G2a
KF840555.1	G2b
KF840556.1	G2b
KF840561.1	G2a
KF840562.1	G2a
KJ020932.1	G2b
KJ196348.1	G2a
KJ526096.1	G2a
KJ646578.1	G2a
KJ646579.1	G2a
KJ646580.1	G2a
KJ646581.1	G2a
KJ646582.1	G2a
KJ646583.1	G2a
KJ646584.1	G2a
KJ646585.1	G2b
KJ646586.1	G2a
KJ646587.1	G2a
KJ646588.1	G2a
KJ646589.1	G2a
KJ646590.1	G2b
KJ646591.1	G2a
KJ777677.1	G2a
KJ777678.1	G2a
KM089829.1	G2b
KM225239.1	G2a
KM225240.1	G2a
KM225241.1	G2a
KM225242.1	G2a
KM225243.1	G2a
KM225244.1	G2a
KM225245.1	G2b
KM225247.1	G2b
KM225248.1	G2b
KM225249.1	G2b
KM225250.1	G2b
KM225251.1	G2b
KM225252.1	G2b
KM242131.1	G2a
KM287429.1	G2a
KM406179.1	G2a
KM406180.1	G2a
KM406181.1	G2a
KM406182.1	G2a
KM406183.1	G2a
KM406184.1	G2a
KM609203.1	G2a
KM609204.1	G2b
KM609206.1	G2c
KM609207.1	G2a
KM609208.1	G2a
KM609209.1	G2a
KM609210.1	G2a
KM609211.1	G2a
KM609212.1	G2c
KM609213.1	G2c
KM887144.1	G1a
KP162057.1	G1b
KP399601.1	G2a
KP399602.1	G2a
KP399603.1	G2a
KP399604.1	G2a
KP399605.1	G2a
KP399606.1	G2a
KP399607.1	G2b
KP399608.1	G2a
KP399609.1	G2a
KP399610.1	G2a
KP399611.1	G2b
KP399612.1	G2a
KP399613.1	G2a
KP399614.1	S-INDEL
KP399615.1	S-INDEL
KP399616.1	G2b
KP399617.1	G2a
KP399618.1	G2a
KP399619.1	G2b
KP399620.1	G2a
KP399621.1	G2b
KP399622.1	G2a
KP399623.1	G2a
KP399624.1	G2b
KP399625.1	G2a
KP399626.1	G2a
KP399627.1	G2a
KP399628.1	G2b
KP399629.1	G2a
KP399630.1	G2a
KP399631.1	G2b
KP399633.1	G2a
KP399634.1	G2b
KP698751.1	G2a
KP698752.2	G2a
KP698753.1	G2a
KP698754.2	G2a
KP698755.2	G2a
KP698756.2	G2a
KP698757.1	G2b
KP698758.1	G2a
KP698759.1	S-INDEL
KP698760.1	S-INDEL
KP698761.2	S-INDEL
KP698762.2	G2b
KP698764.2	G2a
KP698765.2	G2a
KP698766.2	G2a
KP698767.1	G2b
KP698768.2	G2a
KP698769.1	S-INDEL
KP698770.1	G2a
KP765609.1	G2b
KP870114.1	G2b
KP870115.1	G2b
KP870116.1	G2a
KP870118.1	S-INDEL
KP870119.1	G2b
KP870120.1	S-INDEL
KP870123.1	S-INDEL
KP870124.1	G2a
KP870125.1	S-INDEL
KP870126.1	G2a
KP870129.1	G2b
KP870130.1	G2b
KP870131.1	S-INDEL
KP870132.1	S-INDEL
KP870133.1	G2a
KP870134.1	G2a
KP870135.1	G2a
KP870137.1	G2a
KP870139.1	G2b
KP870141.1	G2b
KP890336.1	G2a
KR080551.1	G2a
KR095279.1	G2a
KR153326.1	G2c
KR233256.1	G2a
KR233257.1	G2a
KR296663.1	G2a
KR296664.1	G2a
KR296665.1	G2a
KR296667.1	G2c
KR296668.1	G2a
KR296670.1	G2c
KR296671.1	G2a
KR296672.1	G2a
KR296673.1	S-INDEL
KR296674.1	G2a
KR296675.1	G2a
KR296676.1	G2a
KR296679.1	G2a
KR296681.1	G2a
KR296683.1	G2c
KR514318.1	G2a
KR514319.1	G2a
KR514320.1	G2a
KR514321.1	G2a
KR514324.1	G1b
KR732651.1	G2b
KR732652.1	G2b
KR809885.1	G2c
KR818832.1	G2b
KT021228.1	G2b
KT021229.1	G2b
KT021230.1	G2b
KT021231.1	G2b
KT021233.1	G2b
KT199103.1	G2c
KT266578.1	G2a
KT313036.1	G2a
KT313037.1	G2a
KT313038.1	G2a
KT313039.1	G2a
KT323979.1	G1b
KT323980.1	G2a
KT388410.1	G2c
KT388411.1	G2a
KT388413.1	G2c
KT388414.1	S-INDEL
KT388415.1	G2a
KT388416.1	G2a
KT388417.1	G2a
KT388418.1	G2a
KT388419.1	G2a
KT388421.1	G2b
KT428878.1	S-INDEL
KT428879.1	G2c
KT948011.1	G2a
KT989352.1	G2a
KT989353.1	G2a
KT989354.1	G2b
KT989355.1	G2a
KT989356.1	G2c
KT989358.1	G2a
KT989359.1	G2a
KT989360.1	G2a
KT989361.1	G2a
KT989362.1	G2c
KT989364.1	G2a
KT989365.1	G2a
KT989366.1	G2a
KU133232.1	G2a
KU133233.1	G2a
KU133235.1	G2a
KU133236.1	G2c
KU133237.1	G2a
KU133238.1	G2c
KU133239.1	G2a
KU133240.1	G2a
KU133241.1	G2a
KU133242.1	G2a
KU133243.1	G2b
KU133244.1	G2a
KU133245.1	G2a
KU133246.1	G2a
KU133247.1	G2c
KU133248.1	G2c
KU133249.1	G2a
KU133250.1	G2c
KU133251.1	G2c
KU133252.1	G2b
KU133253.1	G2a
KU133254.1	G2b
KU133255.1	G2b
KU133258.1	S-INDEL
KU133259.1	G2c
KU133260.1	G2a
KU133261.1	G2a
KU133263.1	G2a
KU133264.1	G2b
KU133265.1	G2a
KU133266.1	G2b
KU133267.1	S-INDEL
KU133268.1	G2a
KU133269.1	G2c
KU237213.1	G2a
KU237214.1	G2a
KU237215.1	G2a
KU237216.1	G2a
KU237217.1	G2c
KU237218.1	G2a
KU237219.1	G2c
KU237220.1	G2c
KU237221.1	G2a
KU237222.1	G2c
KU237223.1	G2c
KU237224.1	G2c
KU237225.1	G2c
KU237226.1	G2c
KU237227.1	G2c
KU237228.1	G2a
KU237229.1	G2c
KU237230.1	G2c
KU237232.1	G2a
KU237233.1	G2c
KU237234.1	G2a
KU252649.1	G2c
KU380331.1	G2b
KU556276.1	G2c
KU556278.1	G2c
KU556279.1	G2c
KU556280.1	G2c
KU556281.1	G2c
KU556282.1	G2a
KU556283.1	G2a
KU556284.1	G2a
KU556285.1	G2a
KU556286.1	G2c
KU556287.1	G2c
KU558701.1	G2a
KU646831.1	G2b
KU664503.1	G1a
KU847996.1	S-INDEL
KU975389.1	G2a
KU975403.1	G2a
KU975404.1	G2a
KU975405.1	G2c
KU975406.1	G2a
KU975409.1	G2a
KU975410.1	G2a
KU975411.1	G2a
KU975412.1	G2a
KU975413.1	G2a
KU975414.1	G2a
KU975415.1	G2a
KU975416.1	G2a
KU975418.1	G2a
KU975419.1	G2a
KU975422.1	G2a
KU975423.1	G2a
KU985230.1	G2b
KX016034.1	G2c
KX058031.1	G2c
KX064280.1	G2a
KX066126.1	G2a
KX073607.1	G2a
KX073608.1	G2a
KX073609.1	G2c
KX073610.1	G2a
KX532180.1	G2a
KX532181.1	G2a
KX532182.1	G2a
KX532183.1	G2a
KX534206.1	G1b
KX550281.1	G2a
KX580953.1	G2a
KX791060.1	G2b
KX812523.1	G2a
KX812524.1	G2c
KX883635.1	S-INDEL
KY007139.1	G2a
KY007140.1	G2a
KY070587.1	G2a
KY075782.1	G2a
KY075783.1	G2b
KY075784.1	G2a
KY075786.1	G2b
KY075787.1	G2a
KY075788.1	G2a
KY075789.1	G2a
KY075790.1	G2b
KY381581.1	S-INDEL
KY496313.1	G2c
KY496315.1	G2c
KY496316.1	G2a
KY496317.1	G2a
KY496318.1	G2a
KY496319.1	G2a
KY496320.1	G2c
KY496321.1	G2a
KY496322.1	G2a
KY607767.1	G2a
KY649107.1	G2c
KY679906.1	G2c
KY775035.1	G2b
KY775036.1	G2b
KY775037.1	G2a
KY775038.1	G2c
KY775039.1	G2a
KY775040.1	G2c
KY775041.1	G2c
KY775042.1	G2c
KY775043.1	G2a
KY775044.1	G2a
KY775045.1	G2c
KY775046.1	G2c
KY775047.1	G2c
KY775048.1	G2c
KY775050.1	G2c
KY775051.1	G2a
KY775053.1	S-INDEL
KY793536.1	G2c
KY928065.1	G2c
MF038004.1	G2a
MF038005.1	G2a
MF038006.1	G2a
MF038007.1	G2a
MF038009.1	G2a
MF038010.1	G2a
MF038011.1	G2a
MF038012.1	G2a
MF038013.1	G2a
MF038014.1	G2a
MF038015.1	G2a
MF038016.1	G2a
MF152596.1	G2c
MF152597.1	G2c
MF152598.1	G2a
MF152599.1	G2c
MF152600.1	G2a
MF152601.1	G2a
MF152602.1	G2c
MF152603.1	G2c
MF152604.1	G2c
MF152605.1	G2a
MF346935.1	G2c
MF375374.1	G2c
MF462814.1	G2a
MF782686.1	G2a
MF782687.1	G2a
MF807951.1	G2c
MF807952.1	G2a
MG020538.1	G2c
MG020539.1	G2c
MG020540.1	G2a
MG020541.1	G2c
MG020542.1	G2c
MG020543.1	G2c
MG020544.1	G2a
MG020545.1	G2c
MG020546.1	G2c
MG020547.1	G2c
MG020548.1	G2a
MG020549.1	G2a
MG020550.1	G2a
MG020551.1	G2c
MG020552.1	G2c
MG020553.1	G2c
MG020554.1	G2a
MG020555.1	G2a
MG132631.1	G2a
MG132632.1	G2a
MG132633.1	G2a
MG132634.1	G2a
MG132635.1	G2a
MG132636.1	G2a
MG132637.1	G2b
MG132638.1	G2b
MG132639.1	G2b
MG198632.1	G2b
MG198637.1	G2c
MG198639.1	G2a
MG198641.1	S-INDEL
MG198642.1	G2a
MG198643.1	G2a
MG198644.1	G2c
MG198645.1	S-INDEL
MG198646.1	G2c
MG198647.1	G2a
MG198648.1	G2a
MG198649.1	G2a
MG198650.1	G2c
MG198652.1	G2c
MG198655.1	S-INDEL
MG198657.1	G2c
MG198658.1	G2c
MG198660.1	G2a
MG198661.1	G2c
MG198662.1	G2c
MG198663.1	G2c
MG198664.1	S-INDEL
MG198665.1	S-INDEL
MG198666.1	G2c
MG198667.1	G2c
MG198668.1	G2a
MG198669.1	G2a
MG198670.1	G2c
MG198671.1	G2b
MG334002.1	G2c
MG334003.1	G2c
MG334004.1	G2b
MG334006.1	S-INDEL
MG334007.1	G2c
MG334008.1	G2c
MG334009.1	G2c
MG334010.1	G2c
MG546687.1	G2a
MG546688.1	G2c
MG546689.1	G2a
MG546690.1	G2c
MG706117.1	G2a
MG706119.1	G2a
MG706120.1	G2a
MG706121.1	G2a
MG706122.1	S-INDEL
MG820029.1	G1b
MG837011.1	G2b
MG837012.1	G2a
MH003891.1	G2c
MH053412.1	G2c
MH053413.1	G2c
MH053414.1	G2a
MH053415.1	G2a
MH053416.1	G2a
MH053417.1	G2a
MH053418.1	G2c
MH053419.1	G2c
MH053420.1	G2c
MH056658.1	G2a
MH061336.1	S-INDEL
MH061337.1	G2c
MH061338.1	S-INDEL
MH061339.1	G2c
MH061340.1	G2c
MH061341.1	G2c
MH061342.1	G2a
MH061343.1	S-INDEL
MH107321.1	G2a
MH107322.1	G2a
MH117940.1	G2a
MH244927.1	G2a
MH581489.1	G2c
MH593138.1	S-INDEL
MH593139.1	G2c
MH593140.1	G2c
MH593142.1	G2c
MH593143.1	G2c
MH593144.1	G2c
MH593145.1	G2c
MH593146.1	G2c
MH593147.1	G2c
MH593148.1	S-INDEL
MH593149.1	G2c
MH593150.1	G2c
MH593151.1	G2c
MH593152.1	S-INDEL
MH593153.1	G2c
MH593891.1	S-INDEL
MH593893.1	G2c
MH593896.1	S-INDEL
MH678638.1	G2c
MH708243.1	G2c
MH708895.1	G2b
MH726362.1	G2a
MH726363.1	G2a
MH726364.1	G2a
MH726365.1	G2a
MH726366.1	G2b
MH726367.1	G2a
MH726368.1	G2a
MH726369.1	G2a
MH726370.1	G2a
MH726371.1	G2c
MH726372.1	G2c
MH726373.1	G2a
MH726374.1	G2b
MH726375.1	G2b
MH726376.1	G2a
MH726377.1	G2a
MH726378.1	G2a
MH726379.1	G2a
MH726380.1	G2a
MH726381.1	G2a
MH726382.1	G2c
MH726383.1	G2c
MH726384.1	G2b
MH726385.1	G2b
MH726386.1	G2b
MH726387.1	G2b
MH726388.1	G2b
MH726389.1	G2b
MH726390.1	G2b
MH726391.1	G2b
MH726392.1	G2b
MH726393.1	G2b
MH726394.1	G2b
MH726395.1	G2b
MH726396.1	G2b
MH726397.1	G2b
MH726398.1	G2b
MH726399.1	G2b
MH726400.1	G2b
MH726401.1	G2b
MH726402.1	G2c
MH726403.1	G2c
MH726404.1	G2c
MH726405.1	G2c
MH726406.1	G2c
MH726407.1	G2c
MH748550.1	G2b
MH816969.1	G2c
MH910099.1	G2a
MH991825.1	G2a
MH991826.1	G2c
MH991827.1	G2c
MH991828.1	G2c
MH991829.1	G2c
MH991830.1	G2c
MH991831.1	G2c
MH991832.1	G2c
MH991833.1	G2c
MH991834.1	G2c
MH991835.1	G2c
MH991836.1	G2c
MH991837.1	G2c
MH991838.1	G2a
MH991839.1	G2a
MH991840.1	G2c
MH991841.1	G2c
MH991842.1	G2b
MH991843.1	G2a
MH991844.1	G2c
MH991845.1	G2c
MH991846.1	G2c
MH991848.1	G2c
MH991849.1	G2c
MH991850.1	G2c
MH991851.1	G2c
MH991852.1	G2c
MH991853.1	G2c
MH991854.1	G2c
MH991856.1	G2c
MH991857.1	G2c
MH991858.1	G2c
MH991859.1	G2c
MH991860.1	G2c
MH991861.1	G2c
MH991862.1	G2c
MH991863.1	G2c
MH991864.1	G2a
MH991865.1	G2a
MH991866.1	G2c
MH991867.1	G2c
MH991868.1	G2c
MK093253.1	G2a
MK111633.1	G2c
MK124712.1	G2a
MK138353.1	G2c
MK138516.1	G2a
MK140811.1	S-INDEL
MK140812.1	S-INDEL
MK140813.1	S-INDEL
MK140814.1	G2c
MK250953.1	G2c
MK288006.1	G2b
MK392335.1	G2b
MK532982.1	G2c
MK532983.1	G2a
MK532984.1	G2a
MK532985.1	G2a
MK532986.1	G2a
MK532987.1	G2a
MK532990.1	G2c
MK532991.1	G2c
MK532992.1	G2c
MK532993.1	G2c
MK532994.1	G2c
MK532995.1	G2c
MK532996.1	G2c
MK532997.1	G2c
MK532998.1	G2c
MK532999.1	G2c
MK533000.1	G2c
MK533001.1	G2c
MK533002.1	G2b
MK533003.1	G2c
MK533004.1	G2b
MK533005.1	G2c
MK533006.1	G2c
MK533007.1	G2c
MK533008.1	G2c
MK533009.1	G2c
MK533010.1	G2c
MK539948.2	G2a
MK584552.1	G2b
MK592416.1	G2c
MK598819.1	G2c
MK598820.1	G2c
MK598821.1	G2c
MK606368.1	G2b
MK628688.1	G2c
MK644601.1	G2c
MK644602.1	G2c
MK644603.1	G2c
MK644604.1	G2b
MK644605.1	G2c
MK656504.1	G2a
MK656505.1	G2c
MK656506.1	G2c
MK656507.1	G2c
MK656508.1	G2a
MK656509.1	G2a
MK656510.1	G2a
MK656511.1	G2a
MK656512.1	G2a
MK656513.1	G2a
MK685665.1	G2c
MK690502.1	G2c
MK702008.1	G2c
MK726310.1	G2c
MK796238.1	G2a
MK820037.1	G2c
MK820039.1	G2c
MK820040.1	G2c
MK820041.1	G2c
MK820042.1	S-INDEL
MK841494.1	G2b
MK841495.1	G2b
MK862249.1	G2c
MN037494.1	G2a
MN114121.1	G2a
MN161584.1	G2c
MN213154.1	G2c
MN315264.1	G1b
MN412557.1	G2c
MN412558.1	G2a
MN412559.1	G2a
MN412560.1	G2a
MN412561.1	G2a
MN412562.1	G2a
MN412563.1	G2a
MN412564.1	G2a
MN412565.1	G2a
MN412566.1	G2a
MN412567.1	G2c
MN412568.1	G2a
MN412569.1	G2a
MN412570.1	G2c
MN412571.1	G2c
MN412572.1	G2c
MN412573.1	G2a
MN412574.1	G2c
MN508818.1	G2b
MN594506.1	G2a
MN612069.1	G2a
MN612070.1	G2a
MN612071.1	G2a
MN612075.1	G2a
MN612076.1	G2a
MN612077.1	G2a
MN617858.1	G2c
MN617859.1	G2c
MN617860.1	G2c
MN617861.1	G2c
MN617862.1	G2c
MN617863.1	G2a
MN617865.1	G2c
MN617866.1	G2c
MN617867.1	G2c
MN721360.1	G2a
MN721361.1	G2a
MN721362.1	G2a
MN721363.1	G2a
MN721365.1	G2a
MN721366.1	G2a
MN721367.1	G2a
MN721368.1	G2a
MN721369.1	G2a
MN721372.1	G2a
MN759311.1	G2b
MN841671.1	G2c
MN893406.1	G2c
MN893407.1	G2c
MN893409.1	S-INDEL
MN893411.1	G2c
MN893412.1	G2c
MN893413.1	G2c
MN893414.1	S-INDEL
MN893415.1	S-INDEL
MN893416.1	G2c
MN893417.1	G2a
MN893418.1	G2c
MN893419.1	G2c
MN893420.1	G2c
MN893421.1	G2c
MN893422.1	G2c
MN893423.1	G2c
MN893424.1	G2a
MN893425.1	G2c
MN893427.1	G2a
MT031818.1	G1b
MT031819.1	G2c
MT031820.1	G2c
MT090137.1	G2c
MT090138.1	G2a
MT090139.1	G2a
MT090140.1	G2c
MT090145.1	G2a
MT090146.1	G2c
MT166307.1	G2c
MT263014.1	G2c
MT294128.1	G2c
MT294129.1	G2c
MT294130.1	G2a
MT294131.1	G2c
MT294132.1	G2c
MT294133.1	G2c
MT294134.1	G2c
MT294135.1	G2c
MT303066.1	G2c
MT547179.1	G2a
MT547180.1	G2a
MT625963.1	G2c
MT646162.1	G2a
MT659926.1	G2a
MT683617.1	G2b
MT683905.1	G2c
MT683906.1	G2c
MT683907.1	G2c
MT683908.1	G2c
MT787025.1	G2c
MT843278.1	G2c
MT843279.1	G1b
MW143081.1	G2a
MW143083.1	G2c
MW143084.1	G2c
MW143085.1	G2c
MW143087.1	G2a
MW143088.1	G2a
MW143089.1	G2a
MW143090.1	G2a
MW143091.1	G2c
MW143092.1	G2c
MW143093.1	G2a
MW143094.1	G2c
MW145530.1	G2b
MW145532.1	G2c
MW145533.1	G2b
MW145534.1	G2c
MW145535.1	G2c
MW386982.1	G2b
MW398867.1	G2c
MW452940.1	G2c
MW478760.1	G2c
MW478761.1	G2c
MW478762.1	G2c
MW478763.1	G2c
MW478764.1	G2c
MW478765.1	G2c
MW478766.1	G2c
MW478767.1	G2c
MW478768.1	G2a
MW478769.1	G2c
MW478770.1	G2a
MW478771.1	G2a
MW478772.1	G2a
MW561264.1	G2a
MW762534.1	G2a
MW826593.1	G2c
MW826594.1	G2c
MW826595.1	G2a
MW826596.1	G2c
MW826597.1	G2a
MW826598.1	G2c
MW826599.1	G2c
MW915419.1	G2c
MZ161001.1	G2c
MZ161003.1	G2c
MZ161004.1	G2c
MZ161006.1	G2b
MZ161007.1	G2c
MZ161008.1	G2c
MZ161009.1	G2c
MZ161010.1	G2c
MZ161011.1	G2c
MZ161013.1	G2c
MZ161014.1	G2b
MZ161015.1	G2c
MZ161016.1	G2c
MZ161017.1	G2c
MZ161018.1	G2b
MZ161019.1	G2c
MZ161020.1	G2c
MZ161021.1	G2c
MZ161022.1	G2b
MZ161023.1	G2b
MZ161024.1	G2b
MZ161025.1	G2b
MZ161026.1	G2c
MZ161027.1	G2c
MZ161028.1	G2c
MZ161029.1	G2b
MZ161030.1	G2b
MZ161031.1	G2c
MZ161032.1	G2b
MZ161033.1	G2b
MZ161034.1	G2b
MZ161035.1	G2b
MZ161036.1	G2b
MZ161037.1	G2b
MZ161038.1	G2c
MZ161039.1	G2c
MZ161040.1	G2c
MZ161041.1	G2b
MZ161042.1	G2c
MZ161043.1	G2c
MZ161044.1	G2c
MZ161045.1	G2c
MZ161046.1	G2b
MZ161048.1	G2c
MZ161050.1	G2c
MZ161051.1	G2c
MZ161052.1	G2c
MZ161053.1	G2c
MZ161054.1	G2c
MZ161055.1	G2c
MZ161056.1	G2c
MZ161057.1	G2c
MZ161058.1	G2c
MZ161059.1	G2b
MZ161060.1	G2a
MZ161061.1	G2c
MZ161062.1	G2c
MZ161063.1	G2c
MZ161064.1	G2c
MZ161065.1	G2c
MZ161066.1	G2c
MZ161068.1	G2c
MZ161071.1	G2c
MZ161072.1	G2c
MZ161075.1	G2c
MZ161077.1	G2c
MZ161078.1	G2b
MZ161079.1	G2c
MZ161082.1	G2c
MZ161084.1	G2c
MZ161085.1	G2c
MZ161087.1	G2c
MZ161088.1	G2c
MZ161089.1	G2c
MZ241108.1	G2c
MZ342899.1	G2c
MZ364307.1	G2b
MZ364308.1	G2b
MZ364309.1	G2b
MZ364311.1	G2c
MZ364312.1	G2c
MZ364313.1	G2c
MZ364314.1	G2b
MZ364315.1	G2c
MZ364316.1	G2c
MZ380292.1	G2a
MZ570133.1	G2c
MZ570135.1	G2c
MZ570136.1	G2c
MZ570137.1	G2c
MZ570138.1	G2c
MZ570139.1	G2c
MZ570140.1	G2c
MZ570141.1	G2c
MZ570144.1	G2c
MZ570145.1	G2c
MZ570146.1	G2c
MZ570147.1	G2c
MZ570148.1	G2c
MZ570149.1	G2c
MZ581326.1	G2b
MZ596343.1	G1b
MZ604716.1	G2b
MZ669834.1	G2c
MZ669835.1	G2c
MZ669836.1	G2c
MZ669837.1	G2c
MZ669838.1	G2c
MZ669839.1	G2c
MZ669840.1	G2c
MZ669841.1	G2c
MZ669842.1	G2c
MZ669843.1	G2c
MZ669844.1	G2c
MZ669845.1	G2c
MZ740469.1	G2c
MZ740470.1	G2c
MZ740471.1	G2c
MZ740472.1	G2c
MZ977202.1	G2c
OK642747.1	G2c
OL347994.1	G2c
OL348059.1	G2c
OL361788.1	G2c
OL446966.1	G2c
OL446967.1	G2c
OL762456.1	G2c
OL762457.1	G2c
OL762458.1	G2c
OL762459.1	G2c
OL762460.1	G2c
OL762461.1	G2c
OL841533.1	G2c
OL841534.1	G2c
OL841535.1	G2c
OL841536.1	G2c
OL841537.1	G2c
OL841538.1	G2c
OL855978.1	G2a
OL855979.1	G2b
OL855980.1	G2c
OL855981.1	G2c
OL855982.1	G2c
OL855983.1	G2c
OL855985.1	G2c
OL855987.1	G2c
OL870433.1	G2c
OL870434.1	G2c
OL870435.1	G2c
OL907256.1	G2a
OL907257.1	G2c
OL907258.1	G2c
OL907259.1	G2a
OL944723.1	G2c
OM201218.1	G2b
OM201219.1	G2c
OM201220.1	G2c
OM201221.1	G2c
OM393722.1	G2c
OM505025.1	G2c
OM776958.1	G2a
OM814174.1	G1b
OM863585.1	G2c
OM914738.1	G2c
OM948904.1	G2c
OM948905.1	G2c
OM948906.1	G2c
OM948907.1	G2c
OM948908.1	G2c
OM948909.1	G2c
OM948910.1	G2a
OM948911.1	G2c
OM948912.1	G2c
OM948913.1	G2c
OM948914.1	G2c
OM948915.1	G2c
OM948916.1	G2c
OM948917.1	G2c
OM948918.1	G2c
OM948919.1	G2c
OM948923.1	G2c
OM948924.1	G2c
OM948925.1	G2a
OM948926.1	G2c
OM948927.1	G2c
OM974565.1	G2c
OM974566.1	G2c
OM974570.1	G2c
OM974572.1	G2c
OM974574.1	G2c
OM974575.1	G2c
OM974576.1	G2c
OM974577.1	G2c
OM974578.1	G2c
OM974579.1	G2c
OM974580.1	G2c
ON058991.1	G2c
ON058992.1	G2c
ON068583.1	G2c
ON075821.1	G2a
ON168795.1	G2a
ON248872.1	G2b
ON248873.1	G2c
ON248875.1	G2c
ON248876.1	G2c
ON248877.1	G2c
ON248878.1	G2c
ON248879.1	G2c
ON248880.1	S-INDEL
ON248882.1	G2c
ON262797.1	G2b
ON417000.1	G2c
ON417001.1	G2c
ON417002.1	G2c
ON417003.1	G2a
ON417004.1	G2c
ON419534.1	S-INDEL
ON419538.1	S-INDEL
ON419539.1	S-INDEL
ON571549.1	G2b
ON649885.1	G2b
ON745405.1	G2c
ON960076.1	G2c
ON960077.1	G2c
ON964511.1	G2c
ON968723.1	G2c
ON988085.1	G2c
ON988086.1	G2c
ON988087.1	G2c
ON988088.1	G2c
ON988089.1	G2c
ON988090.1	G2c
ON988091.1	G2c
ON988092.1	G2c
ON988093.1	G2c
ON988094.1	G2c
ON988095.1	G2c
ON988096.1	G2c
OP019333.1	G2b
OP019334.1	S-INDEL
OP019335.1	G2c
OP019336.1	G2c
OP019338.1	G2c
OP019339.1	S-INDEL
OP019340.1	G2c
OP019341.1	G2c
OP019344.1	G2a
OP019350.1	G2c
OP019351.1	G2c
OP019352.1	G2c
OP019353.1	S-INDEL
OP019354.1	S-INDEL
OP019355.1	G2a
OP171885.1	S-INDEL
OP171886.1	G2c
OP171888.1	G2b
OP171889.1	G2c
OP171890.1	G2c
OP171891.1	G2b
OP171892.1	G2b
OP171893.1	G2c
OP171894.1	G2c
OP171895.1	G2c
OP171897.1	G2c
OP191700.1	G2a
OP235511.1	G2c
OP245917.1	G2c
OP287015.1	G2b
OP374016.1	G2c
OP374017.1	G2c
OP374021.1	G2b
OP374023.1	G2c
OP382083.1	G2a
OP433730.1	G2c
OP433731.1	G2c
OP433732.1	G2c
OP433733.1	G2c
OP433734.1	G2c
OP433735.1	G2c
OP433737.1	G2c
OP433738.1	G2c
OP433739.1	G2c
OP433740.1	G2c
OP433741.1	G2c
OP433743.1	G2c
OP433744.1	G2c
OP433745.1	G2c
OP480878.1	G2c
OP529823.1	G2c
OP603897.1	G2a
OP688373.1	G1b
OP727263.1	G2a
OP784565.1	G2a
OP852657.1	G2c
OP852658.1	G2c
OP852659.1	G2c
OP894120.1	G2b
OP972835.1	G2b
OQ122084.1	G2c
OQ122085.1	G2c
OQ122086.1	G2c
OQ122087.1	G2c
OQ122088.1	G2c
OQ122089.1	G2c
OQ122090.1	G2c
OQ122091.1	G2c
OQ122093.1	G2c
OQ122094.1	G2c
OQ122095.1	G2c
OQ122096.1	G2c
OQ122097.1	G2c
OQ122098.1	G2b
OQ122099.1	G2c
OQ122101.1	G2c
OQ122102.1	G2a
OQ122103.1	G2b
OQ122105.1	G2b
OQ122107.1	G2c
OQ122108.1	G2a
OQ122110.1	G2c
OQ122111.1	G2b
OQ122112.1	G2c
OQ122113.1	G2c
OQ122114.1	G2c
OQ122115.1	G2c
OQ122116.1	G2c
OQ129480.1	S-INDEL
OQ269588.1	G2c
OQ269589.1	S-INDEL
OQ269590.1	G2c
OQ269591.1	G2c
OQ269592.1	G2c
OQ288925.1	G2c
OQ349200.1	G2c
OQ349201.1	G2a
OQ349202.1	G2c
OQ349203.1	G2c
OQ349204.1	G2b
OQ349205.1	G2a
OQ349206.1	G2a
OQ349207.1	G2a
OQ349208.1	G2a
OQ349209.1	G2c
OQ349210.1	G2a
OQ349211.1	G2a
OQ349212.1	G2c
OQ349213.1	G2a
OQ349214.1	G2c
OQ349215.1	G2a
OQ349216.1	G2c
OQ349217.1	G2a
OQ349218.1	G2c
OQ349219.1	G2c
OQ349220.1	G2c
OQ349221.1	G2b
OQ349222.1	G2c
OQ349223.1	G2c
OQ349224.1	G2a
OQ349226.1	G2c
OQ349228.1	G2c
OQ412638.1	G2c
OQ412639.1	G2c
OQ437174.1	G2b
OQ504178.1	G2c
OQ504179.1	G2c
OQ504180.1	G2c
OQ504181.1	G2c
OQ504182.1	G2c
OQ504183.1	G2c
OQ504185.1	G2c
OQ589489.1	G2b
OQ657291.1	G2c
OQ657292.1	G2c
OQ657293.1	G2c
OQ657294.1	G2c
OQ657295.1	G2c
OQ657297.1	G2c
OQ703966.1	G2c
OQ718863.1	G2b
OQ718883.1	G2c
OQ718884.1	G2c
OQ718885.1	G2c
OQ718886.1	G2c
OQ718887.1	G2c
OQ718888.1	G2c
OQ718889.1	G2c
OQ718890.1	G2c
OQ718891.1	G2c
OQ718892.1	G2c
OQ718893.1	G2c
OQ718894.1	G2c
OQ718895.1	G2c
OQ718896.1	G2c
OQ718897.1	G2c
OQ718898.1	G2c
OQ718899.1	G2c
OQ718900.1	G2c
OQ718901.1	G2c
OQ718902.1	G2c
OQ718903.1	G2c
OQ718904.1	G2c
OQ718905.1	G2c
OQ718906.1	G2c
OQ718907.1	G2c
OQ718908.1	G2c
OQ718909.1	G2c
OQ718910.1	G2c
OQ718911.1	G2c
OQ723792.1	G2a
OQ731917.1	G1b
OQ731918.1	G2c
OQ858592.1	G2a
OQ915150.1	G2c
OQ979198.1	G2c
OQ979199.1	G2c
OQ979200.1	G2c
OQ979201.1	G2a
OR001816.1	G2c
OR001817.1	G2b
OR001818.1	G2c
OR001819.1	G2c
OR001820.1	G2c
OR001821.1	G2c
OR001822.1	G2c
OR001823.1	G2c
OR001824.1	S-INDEL
OR061129.1	G2c
OR085228.1	G2c
OR085229.1	G2c
OR085230.1	G2c
OR085231.1	G2c
OR085232.1	G2c
OR085233.1	G2c
OR085234.1	G2c
OR085235.1	S-INDEL
OR085236.1	S-INDEL
OR085237.1	S-INDEL
OR085239.1	S-INDEL
OR085240.1	S-INDEL
OR085241.1	S-INDEL
OR085244.1	G2a
OR085245.1	G2c
OR085246.1	G2c
OR085247.1	G2c
OR085248.1	G2c
OR085249.1	G2c
OR085250.1	G2c
OR085251.1	G2c
OR085253.1	G2c
OR085254.1	G2c
OR085255.1	G2c
OR085257.1	G2c
OR085258.1	G2c
OR085259.1	G2c
OR085260.1	G2c
OR085261.1	G2c
OR085267.1	G2c
OR085268.1	G2c
OR085269.1	G2c
OR085270.1	G2c
OR085271.1	G2c
OR085272.1	G2c
OR085273.1	G2c
OR085274.1	G2c
OR085275.1	G2c
OR085277.1	G2c
OR085278.1	G2c
OR085279.1	G2c
OR085281.1	G2a
OR085282.1	G2a
OR085284.1	G2a
OR085285.1	G2a
OR085286.1	G2c
OR085287.1	G2c
OR085288.1	G2c
OR085289.1	G2c
OR085290.1	G2c
OR085291.1	G2c
OR085292.1	G2c
OR085293.1	G2c
OR085294.1	G2c
OR085296.1	G2c
OR085297.1	G2c
OR085298.1	G2b
OR085299.1	G2b
OR085300.1	G2b
OR085309.1	G2b
OR085310.1	G2b
OR085311.1	G2b
OR085312.1	G2c
OR089086.1	G2c
OR090885.1	G2a
OR090886.1	G2a
OR090887.1	G2a
OR090888.1	G2a
OR195026.1	G2c
OR195027.1	G2c
OR195028.1	G2c
OR195029.1	G2a
OR195030.1	G2c
OR195031.1	G2c
OR195032.1	G2c
OR195033.1	G2c
OR195035.1	S-INDEL
OR195038.1	G2c
OR234022.1	G2c
OR240110.1	G2c
OR365272.1	G2a
OR365273.1	G2a
OR365274.1	G2a
OR365275.1	G2a
OR365276.1	G2a
OR365277.1	G2a
OR365278.1	G2a
OR365279.1	G2a
OR418363.1	G2c
OR418364.1	G2c
OR472492.1	G2c
OR501721.1	G2c
OR501723.1	G2c
OR526953.1	G2c
OR567503.1	G2c
OR567504.1	G2c
OR567505.1	G2c
OR567506.1	G2c
OR567507.1	G2c
OR567508.1	G2c
OR567509.1	G2c
OR576821.1	G2b
OR576822.1	G2b
OR576823.1	G2c
OR576824.1	G2c
OR576825.1	G2c
OR576826.1	G2c
OR587951.1	G2c
OR596889.1	G2a
OR601542.1	G2c
OR601543.1	G2c
OR684450.1	G2c
OR684451.1	G2c
OR684452.1	G2c
OR707084.1	G2a
OR722805.1	G2a
OR734225.1	G2c
OR804100.1	G2c
OR808013.1	S-INDEL
OR808015.1	G2c
OR808016.1	G2c
OR808017.1	G2c
OR808019.1	S-INDEL
OR808020.1	G2c
OR992086.1	G2a
OR992087.1	G2a
OR992088.1	G2c
PP003006.1	G2c
PP083729.1	G2c
PP198349.1	G2c
PP373526.1	G2c
PP395568.1	G2c
PP395570.1	G1a
PP395573.1	G2c
PP395575.1	G2c
PP395576.1	G1b
PP395577.1	G2c
PP395578.1	G2a
PP395579.1	G2c
PP395580.1	G2c
PP395581.1	G2c
PP395582.1	G2a
PP395583.1	G2c
PP395584.1	G2b
PP395585.1	G2a
PP395586.1	G2c
PP395587.1	G2c
PP395588.1	G2a
PP395589.1	G2c
PP395590.1	G2c
PP395591.1	G2c
PP395592.1	G2c
PP395593.1	G2c
PP395594.1	S-INDEL
PP442050.1	G2c
PP472642.1	G2c
PP472643.1	G2c
PP472644.1	G2c
PP472645.1	S-INDEL
PP472646.1	G2c
PP537163.1	G2c
PP580800.1	G2c
PP580802.1	G2c
PP580803.1	G2c
PP580804.1	S-INDEL
PP580805.1	S-INDEL
PP580808.1	G2b
PP580811.1	G2b
PP580812.1	G2c
PP580813.1	G2b
PP580814.1	G2c
PP580815.1	G2c
PP580816.1	G2c
PP580817.1	G2c
PP580818.1	G2c
PP580819.1	G2c
PP580821.1	G2c
PP580822.1	G2c
PP580823.1	G2c
PP580824.1	G2c
PP580825.1	G2c
PP580826.1	G2c
PP580827.1	G2c
PP580828.1	G2c
PP580829.1	G2c
PP595924.1	G2c
PP623116.1	G2c
PP690527.1	G2c
PP723328.1	G2b
PP723329.1	G2a
PP723330.1	G2c
PP723331.1	G2c
PP842666.1	G2c
PP901932.1	G2c
PP901933.1	G2c
PP901934.1	G2c
PP901935.1	G2b
PP901936.1	G2c
PP901937.1	G2c
PP901938.1	G2c
PP901939.1	G2c
PP901940.1	G2c
PP901941.1	G2c
PP901942.1	G2c
PP901943.1	G2c
PP901944.1	G2c
PP901945.1	G2c
PP901946.1	G2c
PP901947.1	G2c
PP901948.1	G2c
PP901949.1	G2c
PP901950.1	G2c
PP901951.1	G2c
PP901952.1	G2c
PP906225.1	G2c
PP906226.1	G2c
PP906227.1	G2c
PP906229.1	G2a
PP906230.1	G2c
PP911340.1	G2c
PP923928.1	G2a
PP923930.1	G2c
PP923931.1	G2b
PP923932.1	G2a
PP923936.1	G2c
PP923937.1	G2c
PP923940.1	G2c
PP923945.1	S-INDEL
PP923946.1	S-INDEL
PP923949.1	G2c
PP923950.1	G2c
PP923951.1	G2c
PP958821.1	G2c
PP987385.1	G2c
PP998009.1	G2a
PP999774.1	G2c
PQ014389.1	G2c
PQ119498.1	G2c
PQ123997.1	G2c
PQ123998.1	G2c
PQ123999.1	S-INDEL
PQ124001.1	G2c
PQ124002.1	G2c
PQ124003.1	G2c
PQ124004.1	G2c
PQ124005.1	G2c
PQ124006.1	G2c
PQ124008.1	G2c
PQ124010.1	G2c
PQ124011.1	G2c
PQ124012.1	G2c
PQ179480.1	G2c
PQ284566.1	G2c
PQ284567.1	G2c
PQ284568.1	G2a
PQ284569.1	G2a
PQ284570.1	G2a
PQ284571.1	G2b
PQ284572.1	G2b
PQ284573.1	G2c
PQ316090.1	G2c
PQ316091.1	G2c
PQ316092.1	G2c
PQ349477.1	G2c
PQ349478.1	G2c
PQ349479.1	G2c
PQ349480.1	G2c
PQ507869.1	G2c
PQ507870.1	G2c
PQ507871.1	G2c
PQ507872.1	G2c
PQ507873.1	S-INDEL
PQ507874.1	S-INDEL
PQ631046.1	G2c
PQ642131.1	G2c
PQ682538.1	G2c
PQ768103.1	S-INDEL
PQ846960.1	G2c
PQ870875.1	G2c
PQ870876.1	G2c
PQ870877.1	G2c
PQ878525.1	S-INDEL
PV036764.1	G2c
PV036765.1	G2c
PV036767.1	G2c
PV036768.1	G2c
PV036769.1	G2b
PV036770.1	G2a
PV036771.1	G2a
PV036773.1	G2c
PV036776.1	G2c
PV036777.1	G2c
PV036778.1	G2c
PV036779.1	G2c
PV036780.1	G2c
PV098397.1	G2c
PV098398.1	G2c
PV107499.1	G2c
PV125746.1	G2c
PV146387.1	G2c
PV146388.1	G2c
PV146389.1	G2c
PV146390.1	G2c
PV146391.1	G2c
PV146393.1	G2c
PV146394.1	G2c
PV146395.1	G2b
PV146397.1	G2b
PV146398.1	G2c
PV146399.1	G2c
PV146401.1	G2c
PV164718.1	G2c
PV164719.1	G2c
PV164720.1	S-INDEL
PV164721.1	S-INDEL
PV164722.1	G2b
PV164723.1	G2c
PV164724.1	G2c
PV164725.1	G2c
PV164726.1	G2c
PV164728.1	G2b
PV164730.1	G2c
PV164732.1	G2c
PV164735.1	G2c
PV167803.1	G1b
PV167804.1	G1b
PV167805.1	G1b
PV167807.1	G1b
PV167810.1	G2a
PV167811.1	G2a
PV232221.1	G1b
PV235412.1	G2c
PV235413.1	G2c
PV235414.1	G2c
PV235415.1	G2c
PV250054.1	G2c
PV250055.1	G2c
PV389918.1	G2c
PV389919.1	G2c
PV394113.1	G2c
PV394114.1	G2c
PV409558.1	G2c
PV409559.1	G2c
PV409560.1	G2c
PV409561.1	G2c
PV409562.1	G2c
PV409563.1	G2c
PV409564.1	G2c
PV409565.1	G2c
PV409566.1	G2c
PV409567.1	G2c
PV409568.1	G2c
PV449162.1	G2b
PV464256.1	G2c
PV523939.1	S-INDEL
PV523940.1	S-INDEL
PV523941.1	G2b
PV523942.1	G2b
PV523943.1	G2a
PV523944.1	G2a
PV523945.1	G2a
PV523946.1	G2a
PV523947.1	G2a
PV523948.1	G2a
PV523949.1	G2a
PV523950.1	G2a
PV523951.1	G2a
PV523952.1	G2a
PV523953.1	G2a
PV523954.1	G2a
PV523955.1	G2a
PV523956.1	G2a
PV523957.1	G2c
PV523958.1	G2c
PV523959.1	G2c
PV523960.1	G2c
PV523961.1	G2c
PV523962.1	G2c
PV523963.1	G2c
PV523964.1	G2c
PV523965.1	G2c
PV523966.1	G2c
PV523967.1	G2c
PV523968.1	G2c
PV523970.1	G2c
PV523971.1	G2c
PV523972.1	G2c
PV523973.1	G2c
PV523974.1	G2c
PV523975.1	G2c
PV523976.1	G2c
PV523977.1	G2c
PV523978.1	G2c
PV523979.1	G2c
PV523980.1	G2c
PV523981.1	G2c
PV523982.1	G2c
PV523983.1	G2c
PV523984.1	G2c
PV523985.1	G2c
PV523986.1	G2c
PV523987.1	G2c
PV523988.1	G2c
PV523990.1	G2c
PV523991.1	G2c
PV523992.1	G2c
PV523993.1	G2c
PV523994.1	G2c
PV523995.1	G2c
PV523996.1	G2c
PV523997.1	G2c
PV523998.1	G2c
PV523999.1	G2c
PV524000.1	G2c
PV524001.1	G2c
PV524002.1	G2c
PV524003.1	G2c
PV536060.1	G2c
PV536061.1	G2c
PV536062.1	G2c
PV536063.1	G2c
PV536064.1	G2c
PV536065.1	G2c
PV536067.1	G2c
PV536068.1	G2c
PV536069.1	G2c
PV536070.1	G2c
PV536071.1	G2c
PV536072.1	G2c
PV536074.1	S-INDEL
PV536075.1	G2c
PV536076.1	G2c
PV536077.1	G2c
PV536078.1	G2c
PV536080.1	G2b
PV536081.1	G2b
PV536084.1	G2c
PV536085.1	G2c
PV536087.1	G2c
PV536088.1	G2c
PV536089.1	G2c
PV536091.1	S-INDEL
PV536092.1	G2c
PV536094.1	G2c
PV536095.1	G2c
PV536096.1	G2c
PV536097.1	G2c
PV536098.1	G2c
PV536100.1	G2c
PV536102.1	G2c
PV536103.1	G2c
PV536104.1	G2c
PV536105.1	G2c
PV536106.1	G2b
PV536107.1	G2c
PV536108.1	G2a
PV536109.1	G2a
PV536110.1	G2a
PV536111.1	G2a
PV536113.1	G2c
PV536114.1	G2c
PV536115.1	G2c
PV536116.1	G2c
PV536117.1	G2c
PV536118.1	G2c
PV536119.1	G2c
PV536120.1	G2c
PV536121.1	G2c
PV549293.1	S-INDEL
PV609791.1	G2c
PV609792.1	G2c
PV609793.1	G2c
PV609794.1	G2c
PV609795.1	G2c
PV609797.1	G2c
PV609798.1	G2a
PV609799.1	G2c
PV609800.1	G2b
PV609801.1	S-INDEL
PV614326.1	G2c
PV614327.1	G2c
PV614328.1	G2c
PV614330.1	G2b
PV614331.1	S-INDEL
PV614333.1	G2c
PV614336.1	G2c
PV614337.1	G2c
PV641626.1	G2b
PV641627.1	G2c
PV641628.1	G2c
PV641629.1	G2c
PV641630.1	G2c
PV641631.1	G2c
PV641632.1	G2b
PV641633.1	G2c
PV641634.1	G2c
PV641635.1	G2c
PV691661.1	G2c
PV695983.1	G2b
PV800119.1	G2c
PV837602.1	G2c
PV843383.1	S-INDEL
PV843385.1	S-INDEL
PV843388.1	S-INDEL
PV843391.1	S-INDEL
PV843392.1	S-INDEL
PV843393.1	S-INDEL
PV843394.1	S-INDEL
PV843396.1	S-INDEL
PV843397.1	S-INDEL
PV843398.1	S-INDEL
PV843401.1	S-INDEL
PV843403.1	S-INDEL
PV843404.1	S-INDEL
PV843405.1	S-INDEL
PV843410.1	S-INDEL
PV843411.1	S-INDEL
PV843412.1	S-INDEL
PV843413.1	S-INDEL
PV843414.1	S-INDEL
PV843417.1	S-INDEL
PV843418.1	S-INDEL
PV843419.1	S-INDEL
PV844362.1	G2c
PV844363.1	G2c
PV844364.1	G2c
PV844365.1	G2c
PV844366.1	G2c
PV844367.1	S-INDEL
PV844368.1	G2c
PV844369.1	G2b
PV844370.1	G2b
PV844372.1	G2c
PV844373.1	G2c
PV844374.1	G2c
PV844375.1	G2c
PV844376.1	G2c
PV890852.1	G2c
PV890853.1	G2c
PV890854.1	G2c
PV890855.1	G2c
PV890856.1	G2c
PV890858.1	G2c
PV890859.1	G2c
PV890860.1	G2c
PV890861.1	G2c
PV890862.1	G2c
PV890863.1	G2c
PV890864.1	G2c
PV890865.1	G2c
PV890866.1	G2c
PV890867.1	G2c
PV890868.1	G2c
PV890869.1	G2c
PV890870.1	G2c
PV890949.1	G2a
PV890950.1	G2c
PV902815.1	G2c
PV935323.1	G2c
PV935324.1	G2c
PV974486.1	S-INDEL
PV982377.1	G2c
PX146708.1	G2c
PX229687.1	G2c
PX229689.1	G2c
PX229690.1	G2c
PX229691.1	G2c
PX229692.1	G2c
PX229693.1	G2c
PX229694.1	G2c
PX229695.1	G2c
PX229696.1	G2c
PX229697.1	G2c
PX229698.1	G2c
PX229699.1	G2c
PX229700.1	G2c
PX229701.1	G2c
PX229702.1	S-INDEL
PX229703.1	G2c
PX229705.1	G2c
PX229706.1	G2b
PX229707.1	G2c
PX229708.1	G2c
PX229709.1	G2c
PX229714.1	S-INDEL
PX387542.1	G2c
PX437825.1	G2c
PX439079.1	G1b
PX470115.1	G2c
PX475711.1	G2a
PX482648.1	G2c
PX482649.1	G2b
PX482650.1	G2c
PX482651.1	G2c
PX482652.1	G2c
PX482653.1	G2c
PX482655.1	G2c
PX569374.1	G2c
PX619214.1	G2c
PX619215.1	G2a
PX619216.1	G2c
PX619217.1	G2c
PX619218.1	G2c
PX652412.1	G2a
PX652413.1	G2b
PX705503.1	G2c
PX737630.1	G2c
PX737631.1	G2c
